case_id,split,failure_type,query_type,complexity,source_capture_id
dev_payment_unreachable_exact_01,development,payment_unreachable,exact,simple,CAP-payment-unreachable-20260929-02
dev_payment_unreachable_distributed_01,development,payment_unreachable,distributed,complex,CAP-payment-unreachable-20260929-02
dev_payment_failure_exact_01,development,payment_failure,exact,simple,CAP-payment-failure-20260929-02
dev_payment_failure_distributed_01,development,payment_failure,paraphrase,intermediate,CAP-payment-failure-20260929-02
dev_cart_failure_exact_01,development,cart_failure,exact,simple,CAP-cart-failure-20260929-02
dev_cart_failure_distributed_01,development,cart_failure,distributed,complex,CAP-cart-failure-20260929-02
dev_product_catalog_failure_exact_01,development,product_catalog_failure,exact,simple,CAP-product-catalog-failure-20260929-02
dev_product_catalog_failure_distributed_01,development,product_catalog_failure,paraphrase,intermediate,CAP-product-catalog-failure-20260929-02
dev_product_catalog_lock_contention_exact_01,development,product_catalog_lock_contention,exact,intermediate,CAP-product-catalog-lock-contention-20260929-02
dev_product_catalog_lock_contention_distributed_01,development,product_catalog_lock_contention,distributed,complex,CAP-product-catalog-lock-contention-20260929-02
test_payment_unreachable_01,test,payment_unreachable,exact,simple,CAP-payment-unreachable-20260929-03
test_payment_unreachable_02,test,payment_unreachable,distributed,complex,CAP-payment-unreachable-20260929-03
test_payment_unreachable_03,test,payment_unreachable,distributed,complex,CAP-payment-unreachable-20260929-03
test_payment_unreachable_04,test,payment_unreachable,paraphrase,intermediate,CAP-payment-unreachable-20260929-03
test_payment_unreachable_05,test,payment_unreachable,paraphrase,complex,CAP-payment-unreachable-20260929-03
test_payment_unreachable_06,test,payment_unreachable,paraphrase,intermediate,CAP-payment-unreachable-20260929-03
test_payment_unreachable_07,test,payment_unreachable,distributed,complex,CAP-payment-unreachable-20260929-03
test_payment_unreachable_08,test,payment_unreachable,exact,intermediate,CAP-payment-unreachable-20260929-03
test_payment_unreachable_09,test,payment_unreachable,distributed,complex,CAP-payment-unreachable-20260929-03
test_payment_unreachable_10,test,payment_unreachable,distributed,complex,CAP-payment-unreachable-20260929-03
test_payment_failure_01,test,payment_failure,exact,simple,CAP-payment-failure-20260929-03
test_payment_failure_02,test,payment_failure,distributed,complex,CAP-payment-failure-20260929-03
test_payment_failure_03,test,payment_failure,distributed,complex,CAP-payment-failure-20260929-03
test_payment_failure_04,test,payment_failure,paraphrase,intermediate,CAP-payment-failure-20260929-03
test_payment_failure_05,test,payment_failure,paraphrase,complex,CAP-payment-failure-20260929-03
test_payment_failure_06,test,payment_failure,paraphrase,intermediate,CAP-payment-failure-20260929-03
test_payment_failure_07,test,payment_failure,distributed,complex,CAP-payment-failure-20260929-03
test_payment_failure_08,test,payment_failure,exact,intermediate,CAP-payment-failure-20260929-03
test_payment_failure_09,test,payment_failure,distributed,complex,CAP-payment-failure-20260929-03
test_payment_failure_10,test,payment_failure,distributed,complex,CAP-payment-failure-20260929-03
test_cart_failure_01,test,cart_failure,exact,simple,CAP-cart-failure-20260929-03
test_cart_failure_02,test,cart_failure,distributed,complex,CAP-cart-failure-20260929-03
test_cart_failure_03,test,cart_failure,distributed,complex,CAP-cart-failure-20260929-03
test_cart_failure_04,test,cart_failure,paraphrase,intermediate,CAP-cart-failure-20260929-03
test_cart_failure_05,test,cart_failure,paraphrase,complex,CAP-cart-failure-20260929-03
test_cart_failure_06,test,cart_failure,paraphrase,intermediate,CAP-cart-failure-20260929-03
test_cart_failure_07,test,cart_failure,distributed,complex,CAP-cart-failure-20260929-03
test_cart_failure_08,test,cart_failure,exact,intermediate,CAP-cart-failure-20260929-03
test_cart_failure_09,test,cart_failure,distributed,complex,CAP-cart-failure-20260929-03
test_cart_failure_10,test,cart_failure,distributed,complex,CAP-cart-failure-20260929-03
test_product_catalog_failure_01,test,product_catalog_failure,exact,simple,CAP-product-catalog-failure-20260929-03
test_product_catalog_failure_02,test,product_catalog_failure,distributed,complex,CAP-product-catalog-failure-20260929-03
test_product_catalog_failure_03,test,product_catalog_failure,distributed,complex,CAP-product-catalog-failure-20260929-03
test_product_catalog_failure_04,test,product_catalog_failure,paraphrase,intermediate,CAP-product-catalog-failure-20260929-03
test_product_catalog_failure_05,test,product_catalog_failure,paraphrase,complex,CAP-product-catalog-failure-20260929-03
test_product_catalog_failure_06,test,product_catalog_failure,paraphrase,intermediate,CAP-product-catalog-failure-20260929-03
test_product_catalog_failure_07,test,product_catalog_failure,distributed,complex,CAP-product-catalog-failure-20260929-03
test_product_catalog_failure_08,test,product_catalog_failure,exact,intermediate,CAP-product-catalog-failure-20260929-03
test_product_catalog_failure_09,test,product_catalog_failure,distributed,complex,CAP-product-catalog-failure-20260929-03
test_product_catalog_failure_10,test,product_catalog_failure,distributed,complex,CAP-product-catalog-failure-20260929-03
test_product_catalog_lock_contention_01,test,product_catalog_lock_contention,exact,simple,CAP-product-catalog-lock-contention-20260929-03
test_product_catalog_lock_contention_02,test,product_catalog_lock_contention,distributed,complex,CAP-product-catalog-lock-contention-20260929-03
test_product_catalog_lock_contention_03,test,product_catalog_lock_contention,distributed,complex,CAP-product-catalog-lock-contention-20260929-03
test_product_catalog_lock_contention_04,test,product_catalog_lock_contention,paraphrase,intermediate,CAP-product-catalog-lock-contention-20260929-03
test_product_catalog_lock_contention_05,test,product_catalog_lock_contention,paraphrase,complex,CAP-product-catalog-lock-contention-20260929-03
test_product_catalog_lock_contention_06,test,product_catalog_lock_contention,paraphrase,intermediate,CAP-product-catalog-lock-contention-20260929-03
test_product_catalog_lock_contention_07,test,product_catalog_lock_contention,distributed,complex,CAP-product-catalog-lock-contention-20260929-03
test_product_catalog_lock_contention_08,test,product_catalog_lock_contention,exact,intermediate,CAP-product-catalog-lock-contention-20260929-03
test_product_catalog_lock_contention_09,test,product_catalog_lock_contention,distributed,complex,CAP-product-catalog-lock-contention-20260929-03
test_product_catalog_lock_contention_10,test,product_catalog_lock_contention,distributed,complex,CAP-product-catalog-lock-contention-20260929-03
