configuration,phase,n_requests,mean_ms,median_ms,sample_std_ms,p95_ms,min_ms,max_ms
E0,retrieval,10,0.0009900000804918818,0.0010000003385357559,0.0002960850905059666,0.0014649992408521935,0.0006000009307172149,0.0015999994502635673
E0,reranking,10,0.0,0.0,0.0,0.0,0.0,0.0
E0,prompt_build,10,0.008350000643986277,0.007350000487349462,0.00244914914809515,0.012655000045924679,0.006199999916134402,0.01359999987471383
E0,generation,10,29372.88845999974,27314.562849999675,6579.606789404504,40660.07325499913,19572.22929999989,41328.82999999856
E0,total,10,29372.943029999988,27314.606150000145,6579.6156207236945,40660.148024999944,19572.2853999996,41328.88559999992
E1,retrieval,10,1.123860000006971,1.1174499995831866,0.13977735643061043,1.335819999985688,0.8911000004445668,1.3656999999511754
E1,reranking,10,0.0,0.0,0.0,0.0,0.0,0.0
E1,prompt_build,10,0.028050000037183054,0.02660000063769985,0.005769123009230358,0.0382500003070163,0.022599999283556826,0.04140000055485871
E1,generation,10,23725.6666999996,23377.882499999032,1555.9752113947827,26119.916594999264,22293.052999999418,27440.180099998543
E1,total,10,23726.896520000082,23379.032000000734,1556.0059302953666,26121.174270000298,22294.2536999999,27441.45329999992
E2,retrieval,10,19.484469999952125,19.406449999223696,6.3598595019131,28.534584999306382,9.917700001096819,31.4022999991721
E2,reranking,10,0.0,0.0,0.0,0.0,0.0,0.0
E2,prompt_build,10,0.038980000135779846,0.0364500001523993,0.010901253883595929,0.05592000043179723,0.02700000004551839,0.05880000026081689
E2,generation,10,26432.9464800001,25638.642649999383,2856.5969108471127,30701.854674999868,23396.834000001036,31158.64899999906
E2,total,10,26452.56370999996,25657.696950000172,2852.8163629615788,30717.828909998843,23421.997200000988,31169.49669999849
E3,retrieval,10,20.368259999668226,19.211150000046473,4.917685163191366,27.867024999886773,11.63069999893196,30.464199999187258
E3,reranking,10,0.0,0.0,0.0,0.0,0.0,0.0
E3,prompt_build,10,0.030920000062906183,0.028899999961140566,0.005671331789636462,0.0395500003833149,0.024599999960628338,0.04360000093583949
E3,generation,10,29001.787909999803,27845.620149999377,4587.647411662411,37074.726835000176,23316.607400000066,39254.29989999975
E3,total,10,29022.28047999979,27865.63970000043,4587.666075391414,37094.932804999095,23341.410900000483,39272.24749999914
E4,retrieval,10,12.683819999983825,12.460799999644223,1.6085693191632666,15.09267499995985,11.215500000616885,16.961299999820767
E4,reranking,10,42.771799999900395,41.49524999957066,4.672692424745746,49.411569999756466,35.51879999940866,50.39949999991222
E4,prompt_build,10,0.035880000177712645,0.03235000076529104,0.008084388135266839,0.04938999973091994,0.0289999989036005,0.05559999954130035
E4,generation,10,26242.06650999986,26744.38629999986,3157.9013711165185,29956.97662499988,21118.732900000396,30592.277399999148
E4,total,10,26297.655919999852,26794.19969999981,3160.0561608558655,30019.061904999126,21175.449700000172,30655.62879999925
