configuration,case_id,retrieval_ms,reranking_ms,prompt_build_ms,generation_ms,total_ms,input_tokens,output_tokens,total_tokens,at_output_cap,source_count
E0,dev_payment_unreachable_exact_01,0.0010999992809956893,0.0,0.008300001354655251,19572.22929999989,19572.2853999996,823,813,1636,0,0
E0,dev_payment_unreachable_distributed_01,0.0012999989849049598,0.0,0.0073999999585794285,26612.359499999002,26612.40760000146,838,1184,2022,0,0
E0,dev_payment_failure_exact_01,0.0015999994502635673,0.0,0.01359999987471383,39842.70389999983,39842.80209999997,852,1846,2698,0,0
E0,dev_payment_failure_distributed_01,0.0010000003385357559,0.0,0.006400001439033076,26935.292000000118,26935.33480000042,841,1202,2043,0,0
E0,dev_cart_failure_exact_01,0.0008000006346264854,0.0,0.006900001608300954,41328.82999999856,41328.88559999992,823,1932,2755,0,0
E0,dev_cart_failure_distributed_01,0.0010000003385357559,0.0,0.009299999874201603,26094.87850000005,26094.936600000437,849,1156,2005,0,0
E0,dev_product_catalog_failure_exact_01,0.0010000003385357559,0.0,0.011500000255182385,27875.515100000484,27875.56939999922,800,1248,2048,0,0
E0,dev_product_catalog_failure_distributed_01,0.0006999998731771484,0.0,0.007300001016119495,31249.302700000044,31249.348199999076,821,1424,2245,0,0
E0,dev_product_catalog_lock_contention_exact_01,0.0008000006346264854,0.0,0.006199999916134402,27693.83369999923,27693.87749999987,844,1222,2066,0,0
E0,dev_product_catalog_lock_contention_distributed_01,0.0006000009307172149,0.0,0.006600001142942347,26523.939900000187,26523.983099999896,867,1168,2035,0,0
E1,dev_payment_unreachable_exact_01,1.0473000002093613,0.0,0.03440000000409782,22743.04260000099,22744.203500000367,2001,898,2899,0,5
E1,dev_payment_unreachable_distributed_01,1.1788000010710675,0.0,0.024899998606997542,23269.725399999516,23271.007700001064,1957,912,2869,0,5
E1,dev_payment_failure_exact_01,1.0877000004256843,0.0,0.027100000806967728,24196.158200000355,24197.349599999143,1948,974,2922,0,5
E1,dev_payment_failure_distributed_01,1.2993000000278698,0.0,0.02350000067963265,22388.69960000011,22390.09729999998,1858,885,2743,0,5
E1,dev_cart_failure_exact_01,1.1357999992469558,0.0,0.026100000468431972,24506.261200000154,24507.499900000767,2009,979,2988,0,5
E1,dev_cart_failure_distributed_01,1.1534000004758127,0.0,0.028599999495781958,27440.180099998543,27441.45329999992,2091,1117,3208,0,5
E1,dev_product_catalog_failure_exact_01,0.8911000004445668,0.0,0.04140000055485871,23486.03959999855,23487.056300000404,1879,919,2798,0,5
E1,dev_product_catalog_failure_distributed_01,0.9803999982977984,0.0,0.022599999283556826,22477.70329999912,22478.775499999756,1887,882,2769,0,5
E1,dev_product_catalog_lock_contention_exact_01,1.0990999999194173,0.0,0.027800000680144876,22293.052999999418,22294.2536999999,2156,859,3015,0,5
E1,dev_product_catalog_lock_contention_distributed_01,1.3656999999511754,0.0,0.02409999979136046,24455.80399999926,24457.26839999952,2162,960,3122,0,5
E2,dev_payment_unreachable_exact_01,9.917700001096819,0.0,0.02700000004551839,29206.881600000997,29216.90789999957,1892,982,2874,0,5
E2,dev_payment_unreachable_distributed_01,10.711599999922328,0.0,0.027399999453336932,31158.64899999906,31169.49669999849,2036,1057,3093,0,5
E2,dev_payment_failure_exact_01,31.4022999991721,0.0,0.031800000215298496,23827.43389999996,23858.98040000029,1918,762,2680,0,5
E2,dev_payment_failure_distributed_01,18.559399999503512,0.0,0.05880000026081689,24376.752199999828,24395.4647999999,1988,767,2755,0,5
E2,dev_cart_failure_exact_01,17.58730000074138,0.0,0.039799999285605736,26165.882199999032,26183.61080000068,2016,852,2868,0,5
E2,dev_cart_failure_distributed_01,22.093400000812835,0.0,0.052400000640773214,30143.550500000856,30165.790499999275,2049,1019,3068,0,5
E2,dev_product_catalog_failure_exact_01,20.25349999894388,0.0,0.04240000089339446,25111.403099999734,25131.783099999666,1945,808,2753,0,5
E2,dev_product_catalog_failure_distributed_01,25.02959999947052,0.0,0.03310000101919286,23396.834000001036,23421.997200000988,1935,738,2673,0,5
E2,dev_product_catalog_lock_contention_exact_01,17.315099999905215,0.0,0.046299999667098746,23776.517199999944,23793.965599999865,2157,750,2907,0,5
E2,dev_product_catalog_lock_contention_distributed_01,21.974799999952666,0.0,0.03079999987676274,27165.56110000056,27187.640100000863,2180,909,3089,0,5
E3,dev_payment_unreachable_exact_01,30.464199999187258,0.0,0.0335000004270114,29471.922499998982,29502.524999999878,2004,989,2993,0,5
E3,dev_payment_unreachable_distributed_01,18.947399999888148,0.0,0.027400001272326335,26501.249499999176,26520.30039999954,1998,863,2861,0,5
E3,dev_payment_failure_exact_01,11.63069999893196,0.0,0.04360000093583949,26318.152800000462,26329.92489999924,1949,874,2823,0,5
E3,dev_payment_failure_distributed_01,20.26609999848006,0.0,0.027799998861155473,28105.89699999946,28126.32500000109,1886,963,2849,0,5
E3,dev_cart_failure_exact_01,17.842799999925774,0.0,0.026599998818710446,39254.29989999975,39272.24749999914,2024,1436,3460,0,5
E3,dev_cart_failure_distributed_01,22.864700000354787,0.0,0.024599999960628338,34410.80420000071,34433.77039999905,2096,1216,3312,0,5
E3,dev_product_catalog_failure_exact_01,24.692700000741752,0.0,0.03000000106112566,23316.607400000066,23341.410900000483,1879,750,2629,0,5
E3,dev_product_catalog_failure_distributed_01,18.771099999867147,0.0,0.026899999284069054,28498.942899999747,28517.832699999417,1938,972,2910,0,5
E3,dev_product_catalog_lock_contention_exact_01,18.727999999100575,0.0,0.03459999970800709,26554.659600000377,26573.513600000297,2184,860,3044,0,5
E3,dev_product_catalog_lock_contention_distributed_01,19.474900000204798,0.0,0.03420000030018855,27585.343299999295,27604.95439999977,2162,908,3070,0,5
E4,dev_payment_unreachable_exact_01,11.215500000616885,35.51879999940866,0.03149999974993989,26896.00539999992,26942.869000000428,1936,1014,2950,0,5
E4,dev_payment_unreachable_distributed_01,12.661699998716358,42.383500000141794,0.031200001103570685,28731.843600000502,28787.007099999755,1980,1112,3092,0,5
E4,dev_payment_failure_exact_01,12.259900000572088,40.38390000096115,0.034300001061637886,26592.7671999998,26645.53039999919,1979,1004,2983,0,5
E4,dev_payment_failure_distributed_01,12.797299999874667,38.45309999996971,0.03170000127283856,21667.308800000683,21718.681000000288,1970,762,2732,0,5
E4,dev_cart_failure_exact_01,11.363800000253832,45.22670000005746,0.03300000025774352,21118.732900000396,21175.449700000172,1876,708,2584,0,5
E4,dev_cart_failure_distributed_01,12.21350000014354,48.2040999995661,0.030499999411404133,29180.497900000773,29241.035699998974,1974,983,2957,0,5
E4,dev_product_catalog_failure_exact_01,12.686399999438436,40.60699999899953,0.04179999996267725,27582.934499998373,27636.400800000047,1945,902,2847,0,5
E4,dev_product_catalog_failure_distributed_01,16.961299999820767,46.471800000290386,0.05559999954130035,26356.837899998936,26420.44569999962,1809,880,2689,0,5
E4,dev_product_catalog_lock_contention_exact_01,11.87000000027183,40.06959999969695,0.0289999989036005,23701.459500000055,23753.5110000008,1932,737,2669,0,5
E4,dev_product_catalog_lock_contention_distributed_01,12.80880000012985,50.39949999991222,0.04020000051241368,30592.277399999148,30655.62879999925,2132,1026,3158,0,5
