configuration,K,query_type,n_cases,mean_recall,mrr_at_k,hit_rate
E1,1,distributed,3,0.5,1.0,1.0
E1,1,exact,5,0.4,0.8,0.8
E1,1,paraphrase,2,0.0,0.0,0.0
E1,3,distributed,3,1.0,1.0,1.0
E1,3,exact,5,0.9,0.9,1.0
E1,3,paraphrase,2,0.25,0.25,0.5
E1,5,distributed,3,1.0,1.0,1.0
E1,5,exact,5,1.0,0.9,1.0
E1,5,paraphrase,2,0.5,0.375,1.0
E2,1,distributed,3,0.5,1.0,1.0
E2,1,exact,5,0.3,0.6,0.6
E2,1,paraphrase,2,0.25,0.5,0.5
E2,3,distributed,3,0.8333333333333334,1.0,1.0
E2,3,exact,5,0.6,0.7666666666666666,1.0
E2,3,paraphrase,2,0.75,0.75,1.0
E2,5,distributed,3,1.0,1.0,1.0
E2,5,exact,5,0.8,0.7666666666666666,1.0
E2,5,paraphrase,2,1.0,0.75,1.0
E3,1,distributed,3,0.5,1.0,1.0
E3,1,exact,5,0.3,0.6,0.6
E3,1,paraphrase,2,0.25,0.5,0.5
E3,3,distributed,3,1.0,1.0,1.0
E3,3,exact,5,0.6,0.7,0.8
E3,3,paraphrase,2,0.5,0.6666666666666666,1.0
E3,5,distributed,3,1.0,1.0,1.0
E3,5,exact,5,0.7,0.75,1.0
E3,5,paraphrase,2,0.75,0.6666666666666666,1.0
E4,1,distributed,3,0.5,1.0,1.0
E4,1,exact,5,0.1,0.2,0.2
E4,1,paraphrase,2,0.0,0.0,0.0
E4,3,distributed,3,1.0,1.0,1.0
E4,3,exact,5,0.4,0.36666666666666664,0.6
E4,3,paraphrase,2,0.75,0.41666666666666663,1.0
E4,5,distributed,3,1.0,1.0,1.0
E4,5,exact,5,0.6,0.36666666666666664,0.6
E4,5,paraphrase,2,1.0,0.41666666666666663,1.0
