configuration,case_id,query_type,K,relevant_documents,recall,precision,hit,rr,ndcg_binary
E1,dev_payment_unreachable_exact_01,exact,1,2,0.5,1.0,1.0,1.0,1.0
E1,dev_payment_unreachable_exact_01,exact,3,2,1.0,0.6666666666666666,1.0,1.0,0.9197207891481876
E1,dev_payment_unreachable_exact_01,exact,5,2,1.0,0.4,1.0,1.0,0.9197207891481876
E1,dev_payment_unreachable_distributed_01,distributed,1,2,0.5,1.0,1.0,1.0,1.0
E1,dev_payment_unreachable_distributed_01,distributed,3,2,1.0,0.6666666666666666,1.0,1.0,1.0
E1,dev_payment_unreachable_distributed_01,distributed,5,2,1.0,0.4,1.0,1.0,1.0
E1,dev_payment_failure_exact_01,exact,1,2,0.0,0.0,0.0,0.0,0.0
E1,dev_payment_failure_exact_01,exact,3,2,1.0,0.6666666666666666,1.0,0.5,0.6934264036172708
E1,dev_payment_failure_exact_01,exact,5,2,1.0,0.4,1.0,0.5,0.6934264036172708
E1,dev_payment_failure_distributed_01,paraphrase,1,2,0.0,0.0,0.0,0.0,0.0
E1,dev_payment_failure_distributed_01,paraphrase,3,2,0.5,0.3333333333333333,1.0,0.5,0.38685280723454163
E1,dev_payment_failure_distributed_01,paraphrase,5,2,0.5,0.2,1.0,0.5,0.38685280723454163
E1,dev_cart_failure_exact_01,exact,1,2,0.5,1.0,1.0,1.0,1.0
E1,dev_cart_failure_exact_01,exact,3,2,0.5,0.3333333333333333,1.0,1.0,0.6131471927654584
E1,dev_cart_failure_exact_01,exact,5,2,1.0,0.4,1.0,1.0,0.8503449055347546
E1,dev_cart_failure_distributed_01,distributed,1,2,0.5,1.0,1.0,1.0,1.0
E1,dev_cart_failure_distributed_01,distributed,3,2,1.0,0.6666666666666666,1.0,1.0,1.0
E1,dev_cart_failure_distributed_01,distributed,5,2,1.0,0.4,1.0,1.0,1.0
E1,dev_product_catalog_failure_exact_01,exact,1,2,0.5,1.0,1.0,1.0,1.0
E1,dev_product_catalog_failure_exact_01,exact,3,2,1.0,0.6666666666666666,1.0,1.0,0.9197207891481876
E1,dev_product_catalog_failure_exact_01,exact,5,2,1.0,0.4,1.0,1.0,0.9197207891481876
E1,dev_product_catalog_failure_distributed_01,paraphrase,1,2,0.0,0.0,0.0,0.0,0.0
E1,dev_product_catalog_failure_distributed_01,paraphrase,3,2,0.0,0.0,0.0,0.0,0.0
E1,dev_product_catalog_failure_distributed_01,paraphrase,5,2,0.5,0.2,1.0,0.25,0.2640681225725909
E1,dev_product_catalog_lock_contention_exact_01,exact,1,2,0.5,1.0,1.0,1.0,1.0
E1,dev_product_catalog_lock_contention_exact_01,exact,3,2,1.0,0.6666666666666666,1.0,1.0,1.0
E1,dev_product_catalog_lock_contention_exact_01,exact,5,2,1.0,0.4,1.0,1.0,1.0
E1,dev_product_catalog_lock_contention_distributed_01,distributed,1,2,0.5,1.0,1.0,1.0,1.0
E1,dev_product_catalog_lock_contention_distributed_01,distributed,3,2,1.0,0.6666666666666666,1.0,1.0,0.9197207891481876
E1,dev_product_catalog_lock_contention_distributed_01,distributed,5,2,1.0,0.4,1.0,1.0,0.9197207891481876
E2,dev_payment_unreachable_exact_01,exact,1,2,0.0,0.0,0.0,0.0,0.0
E2,dev_payment_unreachable_exact_01,exact,3,2,0.5,0.3333333333333333,1.0,0.3333333333333333,0.3065735963827292
E2,dev_payment_unreachable_exact_01,exact,5,2,0.5,0.2,1.0,0.3333333333333333,0.3065735963827292
E2,dev_payment_unreachable_distributed_01,distributed,1,2,0.5,1.0,1.0,1.0,1.0
E2,dev_payment_unreachable_distributed_01,distributed,3,2,1.0,0.6666666666666666,1.0,1.0,1.0
E2,dev_payment_unreachable_distributed_01,distributed,5,2,1.0,0.4,1.0,1.0,1.0
E2,dev_payment_failure_exact_01,exact,1,2,0.0,0.0,0.0,0.0,0.0
E2,dev_payment_failure_exact_01,exact,3,2,0.5,0.3333333333333333,1.0,0.5,0.38685280723454163
E2,dev_payment_failure_exact_01,exact,5,2,1.0,0.4,1.0,0.5,0.6240505200038379
E2,dev_payment_failure_distributed_01,paraphrase,1,2,0.5,1.0,1.0,1.0,1.0
E2,dev_payment_failure_distributed_01,paraphrase,3,2,1.0,0.6666666666666666,1.0,1.0,1.0
E2,dev_payment_failure_distributed_01,paraphrase,5,2,1.0,0.4,1.0,1.0,1.0
E2,dev_cart_failure_exact_01,exact,1,2,0.5,1.0,1.0,1.0,1.0
E2,dev_cart_failure_exact_01,exact,3,2,0.5,0.3333333333333333,1.0,1.0,0.6131471927654584
E2,dev_cart_failure_exact_01,exact,5,2,0.5,0.2,1.0,1.0,0.6131471927654584
E2,dev_cart_failure_distributed_01,distributed,1,2,0.5,1.0,1.0,1.0,1.0
E2,dev_cart_failure_distributed_01,distributed,3,2,1.0,0.6666666666666666,1.0,1.0,0.9197207891481876
E2,dev_cart_failure_distributed_01,distributed,5,2,1.0,0.4,1.0,1.0,0.9197207891481876
E2,dev_product_catalog_failure_exact_01,exact,1,2,0.5,1.0,1.0,1.0,1.0
E2,dev_product_catalog_failure_exact_01,exact,3,2,1.0,0.6666666666666666,1.0,1.0,0.9197207891481876
E2,dev_product_catalog_failure_exact_01,exact,5,2,1.0,0.4,1.0,1.0,0.9197207891481876
E2,dev_product_catalog_failure_distributed_01,paraphrase,1,2,0.0,0.0,0.0,0.0,0.0
E2,dev_product_catalog_failure_distributed_01,paraphrase,3,2,0.5,0.3333333333333333,1.0,0.5,0.38685280723454163
E2,dev_product_catalog_failure_distributed_01,paraphrase,5,2,1.0,0.4,1.0,0.5,0.6509209298071326
E2,dev_product_catalog_lock_contention_exact_01,exact,1,2,0.5,1.0,1.0,1.0,1.0
E2,dev_product_catalog_lock_contention_exact_01,exact,3,2,0.5,0.3333333333333333,1.0,1.0,0.6131471927654584
E2,dev_product_catalog_lock_contention_exact_01,exact,5,2,1.0,0.4,1.0,1.0,0.8503449055347546
E2,dev_product_catalog_lock_contention_distributed_01,distributed,1,2,0.5,1.0,1.0,1.0,1.0
E2,dev_product_catalog_lock_contention_distributed_01,distributed,3,2,0.5,0.3333333333333333,1.0,1.0,0.6131471927654584
E2,dev_product_catalog_lock_contention_distributed_01,distributed,5,2,1.0,0.4,1.0,1.0,0.8772153153380493
E3,dev_payment_unreachable_exact_01,exact,1,2,0.0,0.0,0.0,0.0,0.0
E3,dev_payment_unreachable_exact_01,exact,3,2,0.5,0.3333333333333333,1.0,0.5,0.38685280723454163
E3,dev_payment_unreachable_exact_01,exact,5,2,0.5,0.2,1.0,0.5,0.38685280723454163
E3,dev_payment_unreachable_distributed_01,distributed,1,2,0.5,1.0,1.0,1.0,1.0
E3,dev_payment_unreachable_distributed_01,distributed,3,2,1.0,0.6666666666666666,1.0,1.0,1.0
E3,dev_payment_unreachable_distributed_01,distributed,5,2,1.0,0.4,1.0,1.0,1.0
E3,dev_payment_failure_exact_01,exact,1,2,0.0,0.0,0.0,0.0,0.0
E3,dev_payment_failure_exact_01,exact,3,2,0.0,0.0,0.0,0.0,0.0
E3,dev_payment_failure_exact_01,exact,5,2,0.5,0.2,1.0,0.25,0.2640681225725909
E3,dev_payment_failure_distributed_01,paraphrase,1,2,0.5,1.0,1.0,1.0,1.0
E3,dev_payment_failure_distributed_01,paraphrase,3,2,0.5,0.3333333333333333,1.0,1.0,0.6131471927654584
E3,dev_payment_failure_distributed_01,paraphrase,5,2,1.0,0.4,1.0,1.0,0.8772153153380493
E3,dev_cart_failure_exact_01,exact,1,2,0.5,1.0,1.0,1.0,1.0
E3,dev_cart_failure_exact_01,exact,3,2,0.5,0.3333333333333333,1.0,1.0,0.6131471927654584
E3,dev_cart_failure_exact_01,exact,5,2,0.5,0.2,1.0,1.0,0.6131471927654584
E3,dev_cart_failure_distributed_01,distributed,1,2,0.5,1.0,1.0,1.0,1.0
E3,dev_cart_failure_distributed_01,distributed,3,2,1.0,0.6666666666666666,1.0,1.0,1.0
E3,dev_cart_failure_distributed_01,distributed,5,2,1.0,0.4,1.0,1.0,1.0
E3,dev_product_catalog_failure_exact_01,exact,1,2,0.5,1.0,1.0,1.0,1.0
E3,dev_product_catalog_failure_exact_01,exact,3,2,1.0,0.6666666666666666,1.0,1.0,1.0
E3,dev_product_catalog_failure_exact_01,exact,5,2,1.0,0.4,1.0,1.0,1.0
E3,dev_product_catalog_failure_distributed_01,paraphrase,1,2,0.0,0.0,0.0,0.0,0.0
E3,dev_product_catalog_failure_distributed_01,paraphrase,3,2,0.5,0.3333333333333333,1.0,0.3333333333333333,0.3065735963827292
E3,dev_product_catalog_failure_distributed_01,paraphrase,5,2,0.5,0.2,1.0,0.3333333333333333,0.3065735963827292
E3,dev_product_catalog_lock_contention_exact_01,exact,1,2,0.5,1.0,1.0,1.0,1.0
E3,dev_product_catalog_lock_contention_exact_01,exact,3,2,1.0,0.6666666666666666,1.0,1.0,0.9197207891481876
E3,dev_product_catalog_lock_contention_exact_01,exact,5,2,1.0,0.4,1.0,1.0,0.9197207891481876
E3,dev_product_catalog_lock_contention_distributed_01,distributed,1,2,0.5,1.0,1.0,1.0,1.0
E3,dev_product_catalog_lock_contention_distributed_01,distributed,3,2,1.0,0.6666666666666666,1.0,1.0,0.9197207891481876
E3,dev_product_catalog_lock_contention_distributed_01,distributed,5,2,1.0,0.4,1.0,1.0,0.9197207891481876
E4,dev_payment_unreachable_exact_01,exact,1,2,0.0,0.0,0.0,0.0,0.0
E4,dev_payment_unreachable_exact_01,exact,3,2,0.0,0.0,0.0,0.0,0.0
E4,dev_payment_unreachable_exact_01,exact,5,2,0.0,0.0,0.0,0.0,0.0
E4,dev_payment_unreachable_distributed_01,distributed,1,2,0.5,1.0,1.0,1.0,1.0
E4,dev_payment_unreachable_distributed_01,distributed,3,2,1.0,0.6666666666666666,1.0,1.0,1.0
E4,dev_payment_unreachable_distributed_01,distributed,5,2,1.0,0.4,1.0,1.0,1.0
E4,dev_payment_failure_exact_01,exact,1,2,0.0,0.0,0.0,0.0,0.0
E4,dev_payment_failure_exact_01,exact,3,2,0.0,0.0,0.0,0.0,0.0
E4,dev_payment_failure_exact_01,exact,5,2,0.0,0.0,0.0,0.0,0.0
E4,dev_payment_failure_distributed_01,paraphrase,1,2,0.0,0.0,0.0,0.0,0.0
E4,dev_payment_failure_distributed_01,paraphrase,3,2,0.5,0.3333333333333333,1.0,0.3333333333333333,0.3065735963827292
E4,dev_payment_failure_distributed_01,paraphrase,5,2,1.0,0.4,1.0,0.3333333333333333,0.5706417189553201
E4,dev_cart_failure_exact_01,exact,1,2,0.0,0.0,0.0,0.0,0.0
E4,dev_cart_failure_exact_01,exact,3,2,0.5,0.3333333333333333,1.0,0.5,0.38685280723454163
E4,dev_cart_failure_exact_01,exact,5,2,1.0,0.4,1.0,0.5,0.6240505200038379
E4,dev_cart_failure_distributed_01,distributed,1,2,0.5,1.0,1.0,1.0,1.0
E4,dev_cart_failure_distributed_01,distributed,3,2,1.0,0.6666666666666666,1.0,1.0,0.9197207891481876
E4,dev_cart_failure_distributed_01,distributed,5,2,1.0,0.4,1.0,1.0,0.9197207891481876
E4,dev_product_catalog_failure_exact_01,exact,1,2,0.0,0.0,0.0,0.0,0.0
E4,dev_product_catalog_failure_exact_01,exact,3,2,0.5,0.3333333333333333,1.0,0.3333333333333333,0.3065735963827292
E4,dev_product_catalog_failure_exact_01,exact,5,2,1.0,0.4,1.0,0.3333333333333333,0.5437713091520254
E4,dev_product_catalog_failure_distributed_01,paraphrase,1,2,0.0,0.0,0.0,0.0,0.0
E4,dev_product_catalog_failure_distributed_01,paraphrase,3,2,1.0,0.6666666666666666,1.0,0.5,0.6934264036172708
E4,dev_product_catalog_failure_distributed_01,paraphrase,5,2,1.0,0.4,1.0,0.5,0.6934264036172708
E4,dev_product_catalog_lock_contention_exact_01,exact,1,2,0.5,1.0,1.0,1.0,1.0
E4,dev_product_catalog_lock_contention_exact_01,exact,3,2,1.0,0.6666666666666666,1.0,1.0,1.0
E4,dev_product_catalog_lock_contention_exact_01,exact,5,2,1.0,0.4,1.0,1.0,1.0
E4,dev_product_catalog_lock_contention_distributed_01,distributed,1,2,0.5,1.0,1.0,1.0,1.0
E4,dev_product_catalog_lock_contention_distributed_01,distributed,3,2,1.0,0.6666666666666666,1.0,1.0,1.0
E4,dev_product_catalog_lock_contention_distributed_01,distributed,5,2,1.0,0.4,1.0,1.0,1.0
