configuration,K,n_cases,mean_recall,mrr_at_k,mean_precision,hit_rate,mean_ndcg_binary,hit_cases
E1,1,10,0.35,0.7,0.7,0.7,0.7,7
E1,3,10,0.8,0.8,0.5333333333333333,0.9,0.7452588771061833,9
E1,5,10,0.9,0.825,0.36000000000000004,1.0,0.7953854606403721,10
E2,1,10,0.35,0.7,0.7,0.7,0.7,7
E2,3,10,0.7,0.8333333333333334,0.4666666666666666,1.0,0.6759162367444562,10
E2,5,10,0.9,0.8333333333333334,0.36000000000000004,1.0,0.7761694038128337,10
E3,1,10,0.35,0.7,0.7,0.7,0.7,7
E3,3,10,0.7,0.7833333333333333,0.4666666666666666,0.9,0.6759162367444562,9
E3,5,10,0.8,0.8083333333333333,0.32,1.0,0.7287298612589744,10
E4,1,10,0.2,0.4,0.4,0.4,0.4,4
E4,3,10,0.65,0.5666666666666667,0.4333333333333333,0.8,0.5613147192765459,8
E4,5,10,0.8,0.5666666666666667,0.32,0.8,0.6351610740876642,8
