timestamp_utc,configuration,phase,gpu_util_percent,gpu_memory_mib,gpu_power_w
2026-09-29T14:47:29.490098+00:00,E0,setup,1,473,11.22
2026-09-29T14:47:30.533281+00:00,E0,warmup,16,590,20.03
2026-09-29T14:47:31.579422+00:00,E0,warmup,1,589,25.17
2026-09-29T14:47:32.645064+00:00,E0,warmup,31,5107,27.10
2026-09-29T14:47:33.698090+00:00,E0,warmup,12,6555,27.71
2026-09-29T14:47:34.756700+00:00,E0,warmup,99,6654,45.44
2026-09-29T14:47:35.797259+00:00,E0,warmup,74,6654,123.14
2026-09-29T14:47:36.855538+00:00,E0,warmup,71,6643,116.86
2026-09-29T14:47:37.915918+00:00,E0,warmup,71,6635,116.95
2026-09-29T14:47:38.963303+00:00,E0,warmup,75,6654,117.98
2026-09-29T14:47:40.040759+00:00,E0,warmup,68,6654,118.11
2026-09-29T14:47:41.082577+00:00,E0,warmup,76,6639,118.61
2026-09-29T14:47:42.161636+00:00,E0,warmup,68,6654,120.09
2026-09-29T14:47:43.227871+00:00,E0,warmup,70,6654,117.07
2026-09-29T14:47:44.276472+00:00,E0,warmup,75,6645,116.68
2026-09-29T14:47:45.328042+00:00,E0,warmup,69,6635,120.08
2026-09-29T14:47:46.379420+00:00,E0,warmup,76,6654,120.30
2026-09-29T14:47:47.461743+00:00,E0,warmup,67,6654,117.89
2026-09-29T14:47:48.517319+00:00,E0,warmup,68,6643,113.62
2026-09-29T14:47:49.563116+00:00,E0,measured,51,470,119.89
2026-09-29T14:47:50.622705+00:00,E0,measured,2,588,38.39
2026-09-29T14:47:51.663352+00:00,E0,measured,1,588,30.62
2026-09-29T14:47:52.720543+00:00,E0,measured,33,5107,30.73
2026-09-29T14:47:53.782782+00:00,E0,measured,15,6555,35.18
2026-09-29T14:47:54.831153+00:00,E0,measured,75,6654,79.49
2026-09-29T14:47:55.890715+00:00,E0,measured,74,6654,119.71
2026-09-29T14:47:56.932563+00:00,E0,measured,72,6635,121.51
2026-09-29T14:47:58.002914+00:00,E0,measured,71,6635,121.82
2026-09-29T14:47:59.048153+00:00,E0,measured,75,6654,117.18
2026-09-29T14:48:00.093537+00:00,E0,measured,73,6653,122.02
2026-09-29T14:48:01.140447+00:00,E0,measured,74,6639,122.26
2026-09-29T14:48:02.196911+00:00,E0,measured,71,6654,119.58
2026-09-29T14:48:03.254423+00:00,E0,measured,73,6654,119.39
2026-09-29T14:48:04.316606+00:00,E0,measured,76,6643,121.73
2026-09-29T14:48:05.362614+00:00,E0,measured,69,6635,120.04
2026-09-29T14:48:06.425635+00:00,E0,measured,77,6654,120.93
2026-09-29T14:48:07.486263+00:00,E0,measured,75,6654,121.27
2026-09-29T14:48:08.535382+00:00,E0,measured,71,6643,120.75
2026-09-29T14:48:09.589561+00:00,E0,measured,3,481,84.31
2026-09-29T14:48:10.645246+00:00,E0,measured,1,588,32.50
2026-09-29T14:48:11.700051+00:00,E0,measured,58,5118,30.12
2026-09-29T14:48:12.753658+00:00,E0,measured,33,5107,33.91
2026-09-29T14:48:13.821694+00:00,E0,measured,14,6635,35.21
2026-09-29T14:48:14.866006+00:00,E0,measured,75,6654,119.00
2026-09-29T14:48:15.919982+00:00,E0,measured,74,6654,119.98
2026-09-29T14:48:16.970925+00:00,E0,measured,72,6643,120.12
2026-09-29T14:48:18.023524+00:00,E0,measured,75,6635,122.30
2026-09-29T14:48:19.095608+00:00,E0,measured,72,6654,120.21
2026-09-29T14:48:20.159409+00:00,E0,measured,73,6647,118.62
2026-09-29T14:48:21.207981+00:00,E0,measured,71,6639,122.11
2026-09-29T14:48:22.271281+00:00,E0,measured,73,6654,122.52
2026-09-29T14:48:23.338675+00:00,E0,measured,66,6654,117.42
2026-09-29T14:48:24.395689+00:00,E0,measured,71,6654,118.28
2026-09-29T14:48:25.439243+00:00,E0,measured,76,6635,122.60
2026-09-29T14:48:26.495544+00:00,E0,measured,71,6654,123.24
2026-09-29T14:48:27.551095+00:00,E0,measured,76,6654,119.51
2026-09-29T14:48:28.600384+00:00,E0,measured,75,6642,122.87
2026-09-29T14:48:29.665027+00:00,E0,measured,76,6634,123.12
2026-09-29T14:48:30.726726+00:00,E0,measured,74,6653,119.96
2026-09-29T14:48:31.786222+00:00,E0,measured,70,6653,121.38
2026-09-29T14:48:32.838047+00:00,E0,measured,74,6642,122.01
2026-09-29T14:48:33.904261+00:00,E0,measured,71,6634,121.34
2026-09-29T14:48:34.954923+00:00,E0,measured,74,6653,119.38
2026-09-29T14:48:35.994430+00:00,E0,measured,70,499,122.73
2026-09-29T14:48:37.060602+00:00,E0,measured,1,572,33.12
2026-09-29T14:48:38.108074+00:00,E0,measured,1,588,30.14
2026-09-29T14:48:39.155368+00:00,E0,measured,34,5117,31.45
2026-09-29T14:48:40.198086+00:00,E0,measured,15,6631,32.78
2026-09-29T14:48:41.261343+00:00,E0,measured,72,6636,89.75
2026-09-29T14:48:42.323800+00:00,E0,measured,72,6651,119.83
2026-09-29T14:48:43.367247+00:00,E0,measured,75,6651,120.22
2026-09-29T14:48:44.416928+00:00,E0,measured,74,6640,122.96
2026-09-29T14:48:45.464605+00:00,E0,measured,66,6632,120.86
2026-09-29T14:48:46.518348+00:00,E0,measured,72,6651,122.90
2026-09-29T14:48:47.563105+00:00,E0,measured,71,6651,122.73
2026-09-29T14:48:48.641620+00:00,E0,measured,65,6640,120.24
2026-09-29T14:48:49.687350+00:00,E0,measured,72,6632,119.62
2026-09-29T14:48:50.725621+00:00,E0,measured,74,6651,123.19
2026-09-29T14:48:51.786412+00:00,E0,measured,74,6651,123.56
2026-09-29T14:48:52.864414+00:00,E0,measured,66,6640,120.22
2026-09-29T14:48:53.922416+00:00,E0,measured,76,6632,120.03
2026-09-29T14:48:54.969065+00:00,E0,measured,72,6651,121.60
2026-09-29T14:48:56.023234+00:00,E0,measured,73,6651,123.02
2026-09-29T14:48:57.066807+00:00,E0,measured,76,6636,119.78
2026-09-29T14:48:58.133716+00:00,E0,measured,69,6652,123.61
2026-09-29T14:48:59.193703+00:00,E0,measured,73,6651,122.14
2026-09-29T14:49:00.257092+00:00,E0,measured,69,6640,121.28
2026-09-29T14:49:01.300190+00:00,E0,measured,71,6636,119.20
2026-09-29T14:49:02.359311+00:00,E0,measured,74,6651,123.76
2026-09-29T14:49:03.407372+00:00,E0,measured,73,6651,120.97
2026-09-29T14:49:04.459288+00:00,E0,measured,70,6640,121.40
2026-09-29T14:49:05.516099+00:00,E0,measured,70,6632,120.32
2026-09-29T14:49:06.572258+00:00,E0,measured,74,6651,122.13
2026-09-29T14:49:07.637790+00:00,E0,measured,67,6651,120.52
2026-09-29T14:49:08.702034+00:00,E0,measured,67,6651,119.63
2026-09-29T14:49:09.756060+00:00,E0,measured,72,6632,122.48
2026-09-29T14:49:10.835588+00:00,E0,measured,74,6651,121.37
2026-09-29T14:49:11.896574+00:00,E0,measured,73,6651,119.11
2026-09-29T14:49:12.952277+00:00,E0,measured,69,6640,122.78
2026-09-29T14:49:14.006496+00:00,E0,measured,72,6632,121.77
2026-09-29T14:49:15.077488+00:00,E0,measured,68,6651,117.42
2026-09-29T14:49:16.123282+00:00,E0,measured,1,488,82.07
2026-09-29T14:49:17.163040+00:00,E0,measured,1,579,33.70
2026-09-29T14:49:18.215763+00:00,E0,measured,28,5118,30.81
2026-09-29T14:49:19.271352+00:00,E0,measured,36,5776,31.22
2026-09-29T14:49:20.322339+00:00,E0,measured,5,6644,33.52
2026-09-29T14:49:21.370339+00:00,E0,measured,73,6635,127.70
2026-09-29T14:49:22.416783+00:00,E0,measured,72,6654,121.37
2026-09-29T14:49:23.460970+00:00,E0,measured,68,6654,122.30
2026-09-29T14:49:24.507423+00:00,E0,measured,71,6648,123.85
2026-09-29T14:49:25.563351+00:00,E0,measured,71,6635,122.41
2026-09-29T14:49:26.621065+00:00,E0,measured,78,6654,123.77
2026-09-29T14:49:27.659660+00:00,E0,measured,73,6654,123.80
2026-09-29T14:49:28.728336+00:00,E0,measured,71,6643,124.49
2026-09-29T14:49:29.782444+00:00,E0,measured,71,6635,121.45
2026-09-29T14:49:30.828351+00:00,E0,measured,71,6654,124.50
2026-09-29T14:49:31.872290+00:00,E0,measured,75,6654,125.05
2026-09-29T14:49:32.927969+00:00,E0,measured,65,6643,121.81
2026-09-29T14:49:33.975307+00:00,E0,measured,70,6635,121.56
2026-09-29T14:49:35.021372+00:00,E0,measured,75,6654,123.46
2026-09-29T14:49:36.090680+00:00,E0,measured,70,6653,123.90
2026-09-29T14:49:37.132565+00:00,E0,measured,72,6639,121.11
2026-09-29T14:49:38.198691+00:00,E0,measured,73,6654,124.90
2026-09-29T14:49:39.256187+00:00,E0,measured,74,6654,122.90
2026-09-29T14:49:40.302832+00:00,E0,measured,69,6643,123.39
2026-09-29T14:49:41.352255+00:00,E0,measured,69,6635,123.15
2026-09-29T14:49:42.421216+00:00,E0,measured,69,6654,124.73
2026-09-29T14:49:43.473798+00:00,E0,measured,4,588,77.54
2026-09-29T14:49:44.521753+00:00,E0,measured,1,588,33.63
2026-09-29T14:49:45.567148+00:00,E0,measured,35,5099,30.93
2026-09-29T14:49:46.621490+00:00,E0,measured,24,6574,34.18
2026-09-29T14:49:47.689171+00:00,E0,measured,99,6654,65.40
2026-09-29T14:49:48.737194+00:00,E0,measured,71,6648,120.97
2026-09-29T14:49:49.792368+00:00,E0,measured,72,6635,123.47
2026-09-29T14:49:50.860540+00:00,E0,measured,77,6654,124.37
2026-09-29T14:49:51.908197+00:00,E0,measured,71,6654,122.42
2026-09-29T14:49:52.964499+00:00,E0,measured,71,6643,123.72
2026-09-29T14:49:54.029723+00:00,E0,measured,73,6635,124.81
2026-09-29T14:49:55.103264+00:00,E0,measured,66,6654,121.37
2026-09-29T14:49:56.150987+00:00,E0,measured,69,6651,121.05
2026-09-29T14:49:57.207790+00:00,E0,measured,76,6639,125.19
2026-09-29T14:49:58.259954+00:00,E0,measured,72,6654,124.97
2026-09-29T14:49:59.330852+00:00,E0,measured,68,6654,121.40
2026-09-29T14:50:00.392817+00:00,E0,measured,75,6654,122.20
2026-09-29T14:50:01.437760+00:00,E0,measured,74,6635,123.87
2026-09-29T14:50:02.501515+00:00,E0,measured,69,6654,125.58
2026-09-29T14:50:03.554713+00:00,E0,measured,72,6654,118.34
2026-09-29T14:50:04.603738+00:00,E0,measured,72,6654,124.39
2026-09-29T14:50:05.655535+00:00,E0,measured,72,6635,124.97
2026-09-29T14:50:06.723864+00:00,E0,measured,73,6654,122.28
2026-09-29T14:50:07.768650+00:00,E0,measured,70,6654,122.40
2026-09-29T14:50:08.831750+00:00,E0,measured,69,6648,124.72
2026-09-29T14:50:09.885378+00:00,E0,measured,70,6635,124.47
2026-09-29T14:50:10.936366+00:00,E0,measured,68,6654,120.92
2026-09-29T14:50:11.989906+00:00,E0,measured,72,6654,120.72
2026-09-29T14:50:13.041832+00:00,E0,measured,69,6635,122.96
2026-09-29T14:50:14.107436+00:00,E0,measured,64,6654,122.89
2026-09-29T14:50:15.165896+00:00,E0,measured,68,6654,119.71
2026-09-29T14:50:16.219803+00:00,E0,measured,74,6646,123.30
2026-09-29T14:50:17.273246+00:00,E0,measured,72,6639,123.93
2026-09-29T14:50:18.332864+00:00,E0,measured,67,6654,120.64
2026-09-29T14:50:19.388534+00:00,E0,measured,70,6654,122.84
2026-09-29T14:50:20.436856+00:00,E0,measured,70,6643,123.14
2026-09-29T14:50:21.516587+00:00,E0,measured,68,6635,123.09
2026-09-29T14:50:22.579933+00:00,E0,measured,67,6654,120.16
2026-09-29T14:50:23.629289+00:00,E0,measured,69,6654,121.63
2026-09-29T14:50:24.684746+00:00,E0,measured,1,600,58.15
2026-09-29T14:50:25.721237+00:00,E0,measured,1,569,33.60
2026-09-29T14:50:26.764618+00:00,E0,measured,35,5118,30.91
2026-09-29T14:50:27.807207+00:00,E0,measured,12,6574,32.51
2026-09-29T14:50:28.856210+00:00,E0,measured,96,6641,55.90
2026-09-29T14:50:29.900307+00:00,E0,measured,76,6633,127.74
2026-09-29T14:50:30.950507+00:00,E0,measured,76,6652,124.13
2026-09-29T14:50:32.021164+00:00,E0,measured,70,6652,124.92
2026-09-29T14:50:33.079955+00:00,E0,measured,76,6637,121.10
2026-09-29T14:50:34.125582+00:00,E0,measured,73,6652,124.31
2026-09-29T14:50:35.190391+00:00,E0,measured,72,6652,123.65
2026-09-29T14:50:36.254713+00:00,E0,measured,69,6652,122.04
2026-09-29T14:50:37.318420+00:00,E0,measured,75,6637,124.72
2026-09-29T14:50:38.369513+00:00,E0,measured,76,6652,124.52
2026-09-29T14:50:39.439807+00:00,E0,measured,70,6652,123.14
2026-09-29T14:50:40.495893+00:00,E0,measured,72,6641,121.83
2026-09-29T14:50:41.552443+00:00,E0,measured,73,6633,125.68
2026-09-29T14:50:42.607556+00:00,E0,measured,70,6652,123.74
2026-09-29T14:50:43.655365+00:00,E0,measured,75,6652,121.77
2026-09-29T14:50:44.722517+00:00,E0,measured,70,6646,124.70
2026-09-29T14:50:45.772522+00:00,E0,measured,69,6633,123.83
2026-09-29T14:50:46.819770+00:00,E0,measured,64,6652,121.24
2026-09-29T14:50:47.866703+00:00,E0,measured,75,6652,123.29
2026-09-29T14:50:48.919132+00:00,E0,measured,71,6641,125.36
2026-09-29T14:50:49.988553+00:00,E0,measured,69,470,125.05
2026-09-29T14:50:51.026488+00:00,E0,measured,4,685,71.40
2026-09-29T14:50:52.072432+00:00,E0,measured,1,587,31.71
2026-09-29T14:50:53.122165+00:00,E0,measured,36,5099,32.23
2026-09-29T14:50:54.176737+00:00,E0,measured,15,6574,34.38
2026-09-29T14:50:55.228033+00:00,E0,measured,75,6654,89.02
2026-09-29T14:50:56.271483+00:00,E0,measured,74,6654,124.30
2026-09-29T14:50:57.325116+00:00,E0,measured,70,6639,124.09
2026-09-29T14:50:58.372697+00:00,E0,measured,72,6654,120.47
2026-09-29T14:50:59.424653+00:00,E0,measured,73,6654,124.33
2026-09-29T14:51:00.487779+00:00,E0,measured,70,6643,124.90
2026-09-29T14:51:01.537100+00:00,E0,measured,72,6635,123.47
2026-09-29T14:51:02.587553+00:00,E0,measured,73,6654,123.68
2026-09-29T14:51:03.633998+00:00,E0,measured,69,6654,124.87
2026-09-29T14:51:04.701398+00:00,E0,measured,73,6643,123.71
2026-09-29T14:51:05.755919+00:00,E0,measured,74,6635,123.47
2026-09-29T14:51:06.816904+00:00,E0,measured,74,6654,124.34
2026-09-29T14:51:07.885849+00:00,E0,measured,72,6654,123.61
2026-09-29T14:51:08.940334+00:00,E0,measured,67,6654,120.88
2026-09-29T14:51:10.001592+00:00,E0,measured,73,6635,123.06
2026-09-29T14:51:11.051069+00:00,E0,measured,75,6654,123.88
2026-09-29T14:51:12.123634+00:00,E0,measured,71,6652,123.58
2026-09-29T14:51:13.187947+00:00,E0,measured,71,6639,118.00
2026-09-29T14:51:14.236270+00:00,E0,measured,71,6654,124.02
2026-09-29T14:51:15.291256+00:00,E0,measured,74,6654,123.14
2026-09-29T14:51:16.353884+00:00,E0,measured,67,6643,120.66
2026-09-29T14:51:17.399927+00:00,E0,measured,72,6635,122.18
2026-09-29T14:51:18.464815+00:00,E0,measured,1,489,103.67
2026-09-29T14:51:19.520551+00:00,E0,measured,1,588,33.82
2026-09-29T14:51:20.566649+00:00,E0,measured,35,5107,29.72
2026-09-29T14:51:21.622214+00:00,E0,measured,4,5767,30.86
2026-09-29T14:51:22.666971+00:00,E0,measured,96,6654,60.72
2026-09-29T14:51:23.736433+00:00,E0,measured,67,6654,123.40
2026-09-29T14:51:24.789073+00:00,E0,measured,71,6643,120.70
2026-09-29T14:51:25.839207+00:00,E0,measured,74,6635,125.36
2026-09-29T14:51:26.908126+00:00,E0,measured,75,6654,124.74
2026-09-29T14:51:27.963263+00:00,E0,measured,70,6654,121.92
2026-09-29T14:51:29.026298+00:00,E0,measured,73,6643,125.03
2026-09-29T14:51:30.078918+00:00,E0,measured,74,6654,124.74
2026-09-29T14:51:31.158728+00:00,E0,measured,70,6654,119.77
2026-09-29T14:51:32.224575+00:00,E0,measured,74,6654,122.36
2026-09-29T14:51:33.286447+00:00,E0,measured,74,6639,123.13
2026-09-29T14:51:34.390961+00:00,E0,measured,75,6654,125.43
2026-09-29T14:51:35.452116+00:00,E0,measured,69,6654,119.76
2026-09-29T14:51:36.496276+00:00,E0,measured,72,6654,121.23
2026-09-29T14:51:37.558245+00:00,E0,measured,75,6635,124.75
2026-09-29T14:51:38.633864+00:00,E0,measured,71,6654,123.63
2026-09-29T14:51:39.692946+00:00,E0,measured,74,6654,122.51
2026-09-29T14:51:40.756893+00:00,E0,measured,71,6643,124.18
2026-09-29T14:51:41.821065+00:00,E0,measured,76,6635,123.98
2026-09-29T14:51:42.881616+00:00,E0,measured,66,6654,120.01
2026-09-29T14:51:43.939080+00:00,E0,measured,75,6654,122.39
2026-09-29T14:51:44.995291+00:00,E0,measured,73,6635,124.54
2026-09-29T14:51:46.069033+00:00,E0,measured,67,6653,121.75
2026-09-29T14:51:47.121549+00:00,E0,measured,75,6654,118.70
2026-09-29T14:51:48.162788+00:00,E0,measured,70,6647,124.40
2026-09-29T14:51:49.221707+00:00,E0,measured,66,474,123.96
2026-09-29T14:51:50.294923+00:00,E0,measured,15,588,41.95
2026-09-29T14:51:51.332321+00:00,E0,measured,1,588,32.28
2026-09-29T14:51:52.388033+00:00,E0,measured,33,5118,31.86
2026-09-29T14:51:53.436926+00:00,E0,measured,18,6555,36.92
2026-09-29T14:51:54.493983+00:00,E0,measured,94,6654,56.20
2026-09-29T14:51:55.540893+00:00,E0,measured,73,6654,124.18
2026-09-29T14:51:56.597358+00:00,E0,measured,72,6650,124.79
2026-09-29T14:51:57.657261+00:00,E0,measured,72,6635,121.45
2026-09-29T14:51:58.716572+00:00,E0,measured,72,6654,121.21
2026-09-29T14:51:59.762289+00:00,E0,measured,74,6654,124.75
2026-09-29T14:52:00.821967+00:00,E0,measured,72,6643,125.95
2026-09-29T14:52:01.867186+00:00,E0,measured,66,6635,122.72
2026-09-29T14:52:02.923279+00:00,E0,measured,73,6654,124.25
2026-09-29T14:52:03.986330+00:00,E0,measured,74,6654,123.75
2026-09-29T14:52:05.056012+00:00,E0,measured,75,6649,124.67
2026-09-29T14:52:06.105368+00:00,E0,measured,71,6655,125.06
2026-09-29T14:52:07.181162+00:00,E0,measured,71,6654,123.87
2026-09-29T14:52:08.244978+00:00,E0,measured,72,6646,123.87
2026-09-29T14:52:09.295556+00:00,E0,measured,69,6639,119.26
2026-09-29T14:52:10.345416+00:00,E0,measured,74,6654,125.15
2026-09-29T14:52:11.384874+00:00,E0,measured,74,6654,124.13
2026-09-29T14:52:12.469306+00:00,E0,measured,68,6650,123.89
2026-09-29T14:52:13.527673+00:00,E0,measured,70,6647,120.78
2026-09-29T14:52:14.574669+00:00,E0,measured,69,6654,123.64
2026-09-29T14:52:15.637613+00:00,E0,measured,71,6654,123.45
2026-09-29T14:52:16.688072+00:00,E0,measured,68,6635,119.61
2026-09-29T14:52:17.731598+00:00,E0,measured,2,592,57.74
2026-09-29T14:52:18.785144+00:00,E0,measured,1,588,33.73
2026-09-29T14:52:19.828512+00:00,E0,measured,30,5118,31.89
2026-09-29T14:52:20.884319+00:00,E0,measured,13,6568,33.76
2026-09-29T14:52:21.932277+00:00,E0,measured,99,6633,68.54
2026-09-29T14:52:23.001936+00:00,E0,measured,76,6652,123.70
2026-09-29T14:52:24.056867+00:00,E0,measured,72,6652,120.38
2026-09-29T14:52:25.102646+00:00,E0,measured,72,6643,123.81
2026-09-29T14:52:26.158231+00:00,E0,measured,77,6653,124.43
2026-09-29T14:52:27.207032+00:00,E0,measured,70,6652,122.82
2026-09-29T14:52:28.260895+00:00,E0,measured,66,6652,122.10
2026-09-29T14:52:29.314478+00:00,E0,measured,72,6633,123.86
2026-09-29T14:52:30.380430+00:00,E0,measured,70,6652,125.65
2026-09-29T14:52:31.438321+00:00,E0,measured,72,6652,123.61
2026-09-29T14:52:32.488410+00:00,E0,measured,77,6641,122.27
2026-09-29T14:52:33.531186+00:00,E0,measured,73,6633,124.02
2026-09-29T14:52:34.594459+00:00,E0,measured,70,6652,124.39
2026-09-29T14:52:35.650299+00:00,E0,measured,70,6652,121.61
2026-09-29T14:52:36.698996+00:00,E0,measured,70,6641,124.12
2026-09-29T14:52:37.761399+00:00,E0,measured,70,6645,120.88
2026-09-29T14:52:38.821901+00:00,E0,measured,68,6652,121.90
2026-09-29T14:52:39.889384+00:00,E0,measured,68,6663,117.55
2026-09-29T14:52:40.935752+00:00,E0,measured,74,6663,121.89
2026-09-29T14:52:41.986292+00:00,E0,measured,69,6641,124.07
2026-09-29T14:52:43.049983+00:00,E0,measured,71,6661,122.54
2026-09-29T14:52:44.099255+00:00,E1,warmup,1,521,59.09
2026-09-29T14:52:45.148029+00:00,E1,warmup,1,572,33.16
2026-09-29T14:52:46.194629+00:00,E1,warmup,33,5118,30.25
2026-09-29T14:52:47.253618+00:00,E1,warmup,12,6574,33.73
2026-09-29T14:52:48.296801+00:00,E1,warmup,4,6647,34.69
2026-09-29T14:52:49.355018+00:00,E1,warmup,75,6633,135.73
2026-09-29T14:52:50.401498+00:00,E1,warmup,69,6653,123.11
2026-09-29T14:52:51.453122+00:00,E1,warmup,68,6653,121.14
2026-09-29T14:52:52.512330+00:00,E1,warmup,68,6653,120.67
2026-09-29T14:52:53.563702+00:00,E1,warmup,75,6634,122.61
2026-09-29T14:52:54.614822+00:00,E1,warmup,67,6653,121.75
2026-09-29T14:52:55.672415+00:00,E1,warmup,70,6653,119.29
2026-09-29T14:52:56.724513+00:00,E1,warmup,71,6641,123.06
2026-09-29T14:52:57.796705+00:00,E1,warmup,72,6633,122.84
2026-09-29T14:52:58.873037+00:00,E1,warmup,66,6652,118.99
2026-09-29T14:52:59.927697+00:00,E1,warmup,69,6652,119.76
2026-09-29T14:53:00.966751+00:00,E1,warmup,73,6645,122.02
2026-09-29T14:53:02.030594+00:00,E1,warmup,74,6633,122.60
2026-09-29T14:53:03.073094+00:00,E1,warmup,68,6652,117.72
2026-09-29T14:53:04.133529+00:00,E1,warmup,70,6650,122.45
2026-09-29T14:53:05.190568+00:00,E1,warmup,69,6637,121.41
2026-09-29T14:53:06.278998+00:00,E1,measured,65,489,119.11
2026-09-29T14:53:07.326476+00:00,E1,measured,1,669,52.56
2026-09-29T14:53:08.384917+00:00,E1,measured,1,577,33.46
2026-09-29T14:53:09.445789+00:00,E1,measured,33,5099,32.17
2026-09-29T14:53:10.490106+00:00,E1,measured,11,6574,35.16
2026-09-29T14:53:11.543674+00:00,E1,measured,96,6652,63.89
2026-09-29T14:53:12.611099+00:00,E1,measured,71,6641,121.63
2026-09-29T14:53:13.660615+00:00,E1,measured,73,6644,118.81
2026-09-29T14:53:14.721115+00:00,E1,measured,72,6652,120.81
2026-09-29T14:53:15.763584+00:00,E1,measured,71,6652,122.16
2026-09-29T14:53:16.837140+00:00,E1,measured,69,6637,121.73
2026-09-29T14:53:17.895901+00:00,E1,measured,73,6633,118.88
2026-09-29T14:53:18.951412+00:00,E1,measured,71,6652,121.63
2026-09-29T14:53:20.008867+00:00,E1,measured,69,6652,122.63
2026-09-29T14:53:21.066502+00:00,E1,measured,68,6647,116.57
2026-09-29T14:53:22.123898+00:00,E1,measured,70,6653,121.45
2026-09-29T14:53:23.193055+00:00,E1,measured,71,6652,120.39
2026-09-29T14:53:24.258657+00:00,E1,measured,65,6641,121.72
2026-09-29T14:53:25.309468+00:00,E1,measured,70,6637,120.43
2026-09-29T14:53:26.376789+00:00,E1,measured,70,6652,122.20
2026-09-29T14:53:27.455949+00:00,E1,measured,71,6652,120.21
2026-09-29T14:53:28.502488+00:00,E1,measured,64,6641,118.54
2026-09-29T14:53:29.549721+00:00,E1,measured,42,470,119.11
2026-09-29T14:53:30.592030+00:00,E1,measured,2,588,33.59
2026-09-29T14:53:31.643580+00:00,E1,measured,72,5118,30.43
2026-09-29T14:53:32.704132+00:00,E1,measured,33,5114,31.13
2026-09-29T14:53:33.744825+00:00,E1,measured,26,6632,33.46
2026-09-29T14:53:34.808693+00:00,E1,measured,84,6654,110.15
2026-09-29T14:53:35.855513+00:00,E1,measured,69,6654,118.25
2026-09-29T14:53:36.899141+00:00,E1,measured,70,6643,121.51
2026-09-29T14:53:37.957321+00:00,E1,measured,67,6635,121.83
2026-09-29T14:53:39.004172+00:00,E1,measured,73,6654,121.23
2026-09-29T14:53:40.056674+00:00,E1,measured,68,6654,119.45
2026-09-29T14:53:41.105116+00:00,E1,measured,72,6639,122.52
2026-09-29T14:53:42.157315+00:00,E1,measured,72,6654,121.60
2026-09-29T14:53:43.225194+00:00,E1,measured,66,6654,118.16
2026-09-29T14:53:44.271653+00:00,E1,measured,71,6654,118.20
2026-09-29T14:53:45.323717+00:00,E1,measured,73,6635,122.23
2026-09-29T14:53:46.370182+00:00,E1,measured,70,6654,122.86
2026-09-29T14:53:47.437804+00:00,E1,measured,69,6654,118.66
2026-09-29T14:53:48.498155+00:00,E1,measured,69,6643,117.31
2026-09-29T14:53:49.551877+00:00,E1,measured,70,6635,121.26
2026-09-29T14:53:50.621447+00:00,E1,measured,70,6654,121.68
2026-09-29T14:53:51.674528+00:00,E1,measured,68,6654,117.99
2026-09-29T14:53:52.722221+00:00,E1,measured,1,489,99.50
2026-09-29T14:53:53.760627+00:00,E1,measured,1,569,33.91
2026-09-29T14:53:54.819958+00:00,E1,measured,1,5118,31.26
2026-09-29T14:53:55.872280+00:00,E1,measured,36,5118,33.24
2026-09-29T14:53:56.922743+00:00,E1,measured,15,6652,36.22
2026-09-29T14:53:57.969450+00:00,E1,measured,99,6635,114.79
2026-09-29T14:53:59.023847+00:00,E1,measured,64,6654,121.03
2026-09-29T14:54:00.082207+00:00,E1,measured,67,6654,122.30
2026-09-29T14:54:01.144004+00:00,E1,measured,73,6639,122.85
2026-09-29T14:54:02.208090+00:00,E1,measured,66,6654,120.84
2026-09-29T14:54:03.258198+00:00,E1,measured,70,6654,120.54
2026-09-29T14:54:04.307012+00:00,E1,measured,74,6635,123.49
2026-09-29T14:54:05.362661+00:00,E1,measured,69,6635,122.66
2026-09-29T14:54:06.420477+00:00,E1,measured,65,6654,118.72
2026-09-29T14:54:07.462535+00:00,E1,measured,72,6654,118.50
2026-09-29T14:54:08.523015+00:00,E1,measured,70,6635,122.72
2026-09-29T14:54:09.569619+00:00,E1,measured,73,6635,122.03
2026-09-29T14:54:10.622763+00:00,E1,measured,71,6654,119.65
2026-09-29T14:54:11.671052+00:00,E1,measured,72,6654,121.29
2026-09-29T14:54:12.723775+00:00,E1,measured,72,6654,122.13
2026-09-29T14:54:13.793810+00:00,E1,measured,66,6635,118.72
2026-09-29T14:54:14.856670+00:00,E1,measured,70,6654,117.66
2026-09-29T14:54:15.922294+00:00,E1,measured,69,6654,119.99
2026-09-29T14:54:16.969044+00:00,E1,measured,24,497,116.05
2026-09-29T14:54:18.010625+00:00,E1,measured,4,580,36.98
2026-09-29T14:54:19.071274+00:00,E1,measured,41,5118,31.03
2026-09-29T14:54:20.117389+00:00,E1,measured,30,5776,31.30
2026-09-29T14:54:21.171832+00:00,E1,measured,7,6633,33.06
2026-09-29T14:54:22.232088+00:00,E1,measured,71,6654,125.77
2026-09-29T14:54:23.293064+00:00,E1,measured,73,6654,121.04
2026-09-29T14:54:24.354089+00:00,E1,measured,71,6643,122.96
2026-09-29T14:54:25.394767+00:00,E1,measured,73,6635,118.62
2026-09-29T14:54:26.460881+00:00,E1,measured,69,6654,123.05
2026-09-29T14:54:27.523856+00:00,E1,measured,69,6654,120.84
2026-09-29T14:54:28.579509+00:00,E1,measured,74,6649,120.80
2026-09-29T14:54:29.626186+00:00,E1,measured,73,6640,120.93
2026-09-29T14:54:30.676442+00:00,E1,measured,74,6654,121.93
2026-09-29T14:54:31.736681+00:00,E1,measured,69,6654,123.04
2026-09-29T14:54:32.826927+00:00,E1,measured,63,6635,118.79
2026-09-29T14:54:33.887013+00:00,E1,measured,73,6635,118.54
2026-09-29T14:54:34.952820+00:00,E1,measured,70,6654,121.87
2026-09-29T14:54:36.004133+00:00,E1,measured,66,6654,120.42
2026-09-29T14:54:37.055085+00:00,E1,measured,68,6653,118.96
2026-09-29T14:54:38.123373+00:00,E1,measured,70,6655,121.07
2026-09-29T14:54:39.166698+00:00,E1,measured,1,512,107.09
2026-09-29T14:54:40.222804+00:00,E1,measured,4,588,33.93
2026-09-29T14:54:41.262243+00:00,E1,measured,1,569,31.70
2026-09-29T14:54:42.324398+00:00,E1,measured,34,5118,32.99
2026-09-29T14:54:43.372095+00:00,E1,measured,15,6640,36.48
2026-09-29T14:54:44.438877+00:00,E1,measured,96,6641,76.48
2026-09-29T14:54:45.492423+00:00,E1,measured,71,6633,131.59
2026-09-29T14:54:46.543957+00:00,E1,measured,69,6652,122.62
2026-09-29T14:54:47.589468+00:00,E1,measured,74,6652,119.77
2026-09-29T14:54:48.648247+00:00,E1,measured,74,6652,122.72
2026-09-29T14:54:49.699501+00:00,E1,measured,73,6633,123.00
2026-09-29T14:54:50.771068+00:00,E1,measured,70,6652,119.92
2026-09-29T14:54:51.825583+00:00,E1,measured,69,6652,118.84
2026-09-29T14:54:52.879663+00:00,E1,measured,68,6633,121.81
2026-09-29T14:54:53.939476+00:00,E1,measured,72,6644,122.37
2026-09-29T14:54:54.997442+00:00,E1,measured,70,6652,118.82
2026-09-29T14:54:56.054619+00:00,E1,measured,70,6652,121.34
2026-09-29T14:54:57.107387+00:00,E1,measured,68,6637,122.50
2026-09-29T14:54:58.163121+00:00,E1,measured,71,6652,119.50
2026-09-29T14:54:59.223426+00:00,E1,measured,73,6652,121.98
2026-09-29T14:55:00.271259+00:00,E1,measured,68,6641,122.58
2026-09-29T14:55:01.332038+00:00,E1,measured,69,6633,120.42
2026-09-29T14:55:02.393871+00:00,E1,measured,68,6652,120.40
2026-09-29T14:55:03.445626+00:00,E1,measured,67,489,120.01
2026-09-29T14:55:04.489756+00:00,E1,measured,1,577,68.75
2026-09-29T14:55:05.556631+00:00,E1,measured,1,569,33.34
2026-09-29T14:55:06.609098+00:00,E1,measured,36,5118,33.24
2026-09-29T14:55:07.660453+00:00,E1,measured,16,6577,36.31
2026-09-29T14:55:08.746359+00:00,E1,measured,93,6658,104.22
2026-09-29T14:55:09.795786+00:00,E1,measured,67,6659,119.29
2026-09-29T14:55:10.854233+00:00,E1,measured,75,6659,122.77
2026-09-29T14:55:11.910675+00:00,E1,measured,72,6655,123.03
2026-09-29T14:55:12.957120+00:00,E1,measured,66,6655,118.33
2026-09-29T14:55:14.022892+00:00,E1,measured,72,6648,118.29
2026-09-29T14:55:15.069899+00:00,E1,measured,70,6641,122.34
2026-09-29T14:55:16.149320+00:00,E1,measured,72,6653,121.48
2026-09-29T14:55:17.196414+00:00,E1,measured,68,6653,117.61
2026-09-29T14:55:18.254107+00:00,E1,measured,69,6634,120.29
2026-09-29T14:55:19.320619+00:00,E1,measured,70,6653,120.91
2026-09-29T14:55:20.384706+00:00,E1,measured,69,6653,118.94
2026-09-29T14:55:21.429677+00:00,E1,measured,68,6654,118.10
2026-09-29T14:55:22.490723+00:00,E1,measured,70,6654,121.38
2026-09-29T14:55:23.549751+00:00,E1,measured,66,6653,119.45
2026-09-29T14:55:24.609799+00:00,E1,measured,71,6634,118.58
2026-09-29T14:55:25.665725+00:00,E1,measured,72,6653,121.65
2026-09-29T14:55:26.719671+00:00,E1,measured,72,6653,121.63
2026-09-29T14:55:27.786384+00:00,E1,measured,63,6653,118.62
2026-09-29T14:55:28.838292+00:00,E1,measured,69,6638,116.79
2026-09-29T14:55:29.896120+00:00,E1,measured,69,6654,120.31
2026-09-29T14:55:30.951315+00:00,E1,measured,70,488,120.03
2026-09-29T14:55:32.018428+00:00,E1,measured,4,587,63.35
2026-09-29T14:55:33.061440+00:00,E1,measured,1,568,33.46
2026-09-29T14:55:34.114619+00:00,E1,measured,35,5117,32.65
2026-09-29T14:55:35.165759+00:00,E1,measured,14,6573,36.40
2026-09-29T14:55:36.201110+00:00,E1,measured,99,6652,70.05
2026-09-29T14:55:37.263583+00:00,E1,measured,75,6651,131.16
2026-09-29T14:55:38.328502+00:00,E1,measured,69,6651,121.71
2026-09-29T14:55:39.385452+00:00,E1,measured,75,6632,120.66
2026-09-29T14:55:40.438985+00:00,E1,measured,72,6651,122.98
2026-09-29T14:55:41.491258+00:00,E1,measured,73,6651,122.10
2026-09-29T14:55:42.557618+00:00,E1,measured,67,6647,119.61
2026-09-29T14:55:43.617028+00:00,E1,measured,72,6652,120.94
2026-09-29T14:55:44.678010+00:00,E1,measured,72,6652,123.73
2026-09-29T14:55:45.736754+00:00,E1,measured,67,6633,120.08
2026-09-29T14:55:46.789344+00:00,E1,measured,69,6652,118.49
2026-09-29T14:55:47.843978+00:00,E1,measured,74,6652,120.73
2026-09-29T14:55:48.894238+00:00,E1,measured,70,6652,123.69
2026-09-29T14:55:49.961580+00:00,E1,measured,68,6643,121.81
2026-09-29T14:55:51.011211+00:00,E1,measured,70,6652,117.86
2026-09-29T14:55:52.068971+00:00,E1,measured,71,6652,121.27
2026-09-29T14:55:53.138785+00:00,E1,measured,68,6637,120.85
2026-09-29T14:55:54.195009+00:00,E1,measured,70,6632,117.02
2026-09-29T14:55:55.234802+00:00,E1,measured,1,587,57.36
2026-09-29T14:55:56.288404+00:00,E1,measured,1,587,33.45
2026-09-29T14:55:57.351249+00:00,E1,measured,32,5107,30.68
2026-09-29T14:55:58.398878+00:00,E1,measured,33,6573,31.06
2026-09-29T14:55:59.452866+00:00,E1,measured,5,6651,33.34
2026-09-29T14:56:00.504967+00:00,E1,measured,73,6650,133.12
2026-09-29T14:56:01.571532+00:00,E1,measured,69,6651,121.00
2026-09-29T14:56:02.620607+00:00,E1,measured,70,6651,122.91
2026-09-29T14:56:03.664870+00:00,E1,measured,74,6636,122.79
2026-09-29T14:56:04.722065+00:00,E1,measured,68,6651,121.53
2026-09-29T14:56:05.765646+00:00,E1,measured,71,6651,120.54
2026-09-29T14:56:06.822341+00:00,E1,measured,70,6640,123.78
2026-09-29T14:56:07.872442+00:00,E1,measured,73,6632,121.42
2026-09-29T14:56:08.929987+00:00,E1,measured,74,6651,119.87
2026-09-29T14:56:09.988202+00:00,E1,measured,69,6651,121.85
2026-09-29T14:56:11.045571+00:00,E1,measured,73,6651,122.81
2026-09-29T14:56:12.099142+00:00,E1,measured,71,6632,120.35
2026-09-29T14:56:13.144690+00:00,E1,measured,69,6651,119.61
2026-09-29T14:56:14.196031+00:00,E1,measured,73,6651,121.87
2026-09-29T14:56:15.260142+00:00,E1,measured,68,6632,122.04
2026-09-29T14:56:16.319501+00:00,E1,measured,70,6632,118.38
2026-09-29T14:56:17.370864+00:00,E1,measured,1,488,101.88
2026-09-29T14:56:18.410358+00:00,E1,measured,1,589,33.82
2026-09-29T14:56:19.452356+00:00,E1,measured,1,5118,30.84
2026-09-29T14:56:20.490901+00:00,E1,measured,35,5118,32.88
2026-09-29T14:56:21.531010+00:00,E1,measured,16,6633,36.12
2026-09-29T14:56:22.591046+00:00,E1,measured,68,6654,133.17
2026-09-29T14:56:23.645667+00:00,E1,measured,71,6654,120.62
2026-09-29T14:56:24.692377+00:00,E1,measured,74,6648,122.35
2026-09-29T14:56:25.758636+00:00,E1,measured,68,6635,121.80
2026-09-29T14:56:26.803574+00:00,E1,measured,71,6654,118.70
2026-09-29T14:56:27.861370+00:00,E1,measured,68,6654,121.66
2026-09-29T14:56:28.937030+00:00,E1,measured,71,6650,120.20
2026-09-29T14:56:29.986920+00:00,E1,measured,69,6636,119.43
2026-09-29T14:56:31.044782+00:00,E1,measured,72,6655,119.32
2026-09-29T14:56:32.097539+00:00,E1,measured,72,6655,121.05
2026-09-29T14:56:33.157948+00:00,E1,measured,63,6654,119.33
2026-09-29T14:56:34.200986+00:00,E1,measured,70,6654,117.48
2026-09-29T14:56:35.256096+00:00,E1,measured,69,6635,120.81
2026-09-29T14:56:36.308628+00:00,E1,measured,71,6654,120.26
2026-09-29T14:56:37.368361+00:00,E1,measured,70,6653,120.38
2026-09-29T14:56:38.430517+00:00,E1,measured,69,6634,116.97
2026-09-29T14:56:39.496102+00:00,E1,measured,71,488,121.31
2026-09-29T14:56:40.552311+00:00,E1,measured,15,587,44.93
2026-09-29T14:56:41.612229+00:00,E1,measured,3,4434,31.00
2026-09-29T14:56:42.657785+00:00,E1,measured,34,5123,35.23
2026-09-29T14:56:43.700169+00:00,E1,measured,16,6643,35.88
2026-09-29T14:56:44.761917+00:00,E1,measured,99,6654,110.15
2026-09-29T14:56:45.814007+00:00,E1,measured,68,6656,124.37
2026-09-29T14:56:46.863654+00:00,E1,measured,69,6656,120.58
2026-09-29T14:56:47.924188+00:00,E1,measured,70,6649,122.21
2026-09-29T14:56:48.993506+00:00,E1,measured,71,6652,121.68
2026-09-29T14:56:50.038809+00:00,E1,measured,73,6652,118.77
2026-09-29T14:56:51.092069+00:00,E1,measured,70,6633,122.66
2026-09-29T14:56:52.150072+00:00,E1,measured,69,6633,121.96
2026-09-29T14:56:53.224388+00:00,E1,measured,60,6651,115.63
2026-09-29T14:56:54.271660+00:00,E1,measured,71,6651,119.03
2026-09-29T14:56:55.324097+00:00,E1,measured,71,6636,121.26
2026-09-29T14:56:56.373626+00:00,E1,measured,71,6652,120.95
2026-09-29T14:56:57.430752+00:00,E1,measured,68,6652,117.33
2026-09-29T14:56:58.483317+00:00,E1,measured,70,6652,120.91
2026-09-29T14:56:59.532768+00:00,E1,measured,69,6633,121.82
2026-09-29T14:57:00.608544+00:00,E1,measured,70,6652,117.27
2026-09-29T14:57:01.658446+00:00,E1,measured,72,6652,118.96
2026-09-29T14:57:02.717800+00:00,E1,measured,69,6639,121.06
2026-09-29T14:57:03.772968+00:00,E2,setup,61,470,120.13
2026-09-29T14:57:04.827409+00:00,E2,setup,1,489,41.20
2026-09-29T14:57:05.921649+00:00,E2,setup,1,489,32.10
2026-09-29T14:57:06.967344+00:00,E2,setup,1,489,28.46
2026-09-29T14:57:08.019371+00:00,E2,setup,1,489,21.91
2026-09-29T14:57:09.058288+00:00,E2,setup,1,489,15.18
2026-09-29T14:57:10.114927+00:00,E2,setup,1,470,14.91
2026-09-29T14:57:11.175215+00:00,E2,setup,2,488,15.58
2026-09-29T14:57:12.213189+00:00,E2,setup,1,488,13.69
2026-09-29T14:57:14.377254+00:00,E2,setup,6,488,13.42
2026-09-29T14:57:15.420904+00:00,E2,warmup,4,1727,13.27
2026-09-29T14:57:16.465536+00:00,E2,warmup,4,1780,25.79
2026-09-29T14:57:17.513867+00:00,E2,warmup,1,1870,27.60
2026-09-29T14:57:18.566075+00:00,E2,warmup,1,6400,27.10
2026-09-29T14:57:19.629827+00:00,E2,warmup,8,7049,33.84
2026-09-29T14:57:20.677132+00:00,E2,warmup,77,7721,35.43
2026-09-29T14:57:21.722309+00:00,E2,warmup,100,7720,60.55
2026-09-29T14:57:22.767660+00:00,E2,warmup,100,7712,66.32
2026-09-29T14:57:23.829095+00:00,E2,warmup,70,7706,95.46
2026-09-29T14:57:24.887185+00:00,E2,warmup,73,7720,111.84
2026-09-29T14:57:25.937852+00:00,E2,warmup,76,7720,103.00
2026-09-29T14:57:26.996864+00:00,E2,warmup,72,7709,111.60
2026-09-29T14:57:28.056563+00:00,E2,warmup,73,7702,109.34
2026-09-29T14:57:29.107612+00:00,E2,warmup,77,7720,110.25
2026-09-29T14:57:30.182346+00:00,E2,warmup,68,7720,109.78
2026-09-29T14:57:31.229869+00:00,E2,warmup,74,7702,112.10
2026-09-29T14:57:32.283434+00:00,E2,warmup,74,7702,113.19
2026-09-29T14:57:33.336429+00:00,E2,warmup,77,7720,108.67
2026-09-29T14:57:34.391836+00:00,E2,warmup,71,7720,103.88
2026-09-29T14:57:35.441730+00:00,E2,warmup,77,7720,108.95
2026-09-29T14:57:36.495767+00:00,E2,warmup,77,7702,111.87
2026-09-29T14:57:37.568124+00:00,E2,warmup,73,7721,107.09
2026-09-29T14:57:38.621895+00:00,E2,warmup,73,7722,102.61
2026-09-29T14:57:39.669519+00:00,E2,warmup,77,7716,113.25
2026-09-29T14:57:40.725458+00:00,E2,warmup,78,7722,110.10
2026-09-29T14:57:41.790333+00:00,E2,warmup,71,7721,100.22
2026-09-29T14:57:42.846690+00:00,E2,warmup,69,7721,110.33
2026-09-29T14:57:43.893691+00:00,E2,warmup,69,7703,108.46
2026-09-29T14:57:44.951467+00:00,E2,measured,76,1749,109.79
2026-09-29T14:57:45.993159+00:00,E2,measured,1,1859,48.10
2026-09-29T14:57:47.039686+00:00,E2,measured,1,1850,32.61
2026-09-29T14:57:48.089630+00:00,E2,measured,35,6380,32.03
2026-09-29T14:57:49.137745+00:00,E2,measured,14,7752,35.88
2026-09-29T14:57:50.189211+00:00,E2,measured,100,7702,42.29
2026-09-29T14:57:51.243757+00:00,E2,measured,96,7702,69.99
2026-09-29T14:57:52.296072+00:00,E2,measured,75,7683,75.83
2026-09-29T14:57:53.357189+00:00,E2,measured,69,7700,110.08
2026-09-29T14:57:54.425542+00:00,E2,measured,78,7700,102.66
2026-09-29T14:57:55.467832+00:00,E2,measured,74,7702,110.49
2026-09-29T14:57:56.527583+00:00,E2,measured,77,7701,108.57
2026-09-29T14:57:57.591205+00:00,E2,measured,72,7682,110.55
2026-09-29T14:57:58.638364+00:00,E2,measured,70,7682,114.32
2026-09-29T14:57:59.692504+00:00,E2,measured,72,7701,112.05
2026-09-29T14:58:00.757018+00:00,E2,measured,85,7701,100.14
2026-09-29T14:58:01.801812+00:00,E2,measured,72,7697,107.20
2026-09-29T14:58:02.858450+00:00,E2,measured,69,7681,112.23
2026-09-29T14:58:03.928542+00:00,E2,measured,76,7701,104.69
2026-09-29T14:58:04.988853+00:00,E2,measured,73,7701,108.45
2026-09-29T14:58:06.031841+00:00,E2,measured,74,7700,112.03
2026-09-29T14:58:07.086182+00:00,E2,measured,74,7701,115.16
2026-09-29T14:58:08.153647+00:00,E2,measured,66,7700,103.86
2026-09-29T14:58:09.201998+00:00,E2,measured,74,7698,106.97
2026-09-29T14:58:10.258350+00:00,E2,measured,71,7700,105.95
2026-09-29T14:58:11.308433+00:00,E2,measured,77,7700,110.92
2026-09-29T14:58:12.361845+00:00,E2,measured,63,7682,110.69
2026-09-29T14:58:13.409572+00:00,E2,measured,74,7700,110.92
2026-09-29T14:58:14.454077+00:00,E2,measured,20,1729,96.24
2026-09-29T14:58:15.523212+00:00,E2,measured,15,1817,33.02
2026-09-29T14:58:16.566816+00:00,E2,measured,1,6340,30.61
2026-09-29T14:58:17.623055+00:00,E2,measured,36,6358,34.49
2026-09-29T14:58:18.675167+00:00,E2,measured,31,7637,36.57
2026-09-29T14:58:19.721696+00:00,E2,measured,100,7638,61.92
2026-09-29T14:58:20.759154+00:00,E2,measured,100,7639,70.64
2026-09-29T14:58:21.818664+00:00,E2,measured,75,7620,84.20
2026-09-29T14:58:22.893363+00:00,E2,measured,70,7620,112.72
2026-09-29T14:58:23.940940+00:00,E2,measured,75,7639,108.07
2026-09-29T14:58:24.998565+00:00,E2,measured,76,7639,105.45
2026-09-29T14:58:26.057745+00:00,E2,measured,75,7638,113.11
2026-09-29T14:58:27.104973+00:00,E2,measured,78,7620,109.98
2026-09-29T14:58:28.168965+00:00,E2,measured,76,7638,107.40
2026-09-29T14:58:29.225061+00:00,E2,measured,72,7638,110.68
2026-09-29T14:58:30.276078+00:00,E2,measured,70,7627,110.01
2026-09-29T14:58:31.332536+00:00,E2,measured,73,7620,110.71
2026-09-29T14:58:32.400217+00:00,E2,measured,75,7638,110.45
2026-09-29T14:58:33.457142+00:00,E2,measured,69,7638,105.64
2026-09-29T14:58:34.496922+00:00,E2,measured,69,7627,107.66
2026-09-29T14:58:35.561188+00:00,E2,measured,68,7620,109.33
2026-09-29T14:58:36.609111+00:00,E2,measured,74,7638,103.51
2026-09-29T14:58:37.698118+00:00,E2,measured,72,7639,105.22
2026-09-29T14:58:38.758465+00:00,E2,measured,70,7639,99.42
2026-09-29T14:58:39.824317+00:00,E2,measured,71,7639,113.51
2026-09-29T14:58:40.884242+00:00,E2,measured,72,7624,113.51
2026-09-29T14:58:41.947579+00:00,E2,measured,70,7639,111.10
2026-09-29T14:58:43.020946+00:00,E2,measured,72,7639,98.67
2026-09-29T14:58:44.079589+00:00,E2,measured,70,7639,110.14
2026-09-29T14:58:45.188489+00:00,E2,measured,61,1710,110.32
2026-09-29T14:58:46.232367+00:00,E2,measured,17,1828,39.97
2026-09-29T14:58:47.277752+00:00,E2,measured,1,1828,31.92
2026-09-29T14:58:48.329291+00:00,E2,measured,33,6358,29.75
2026-09-29T14:58:49.384250+00:00,E2,measured,27,7668,31.79
2026-09-29T14:58:50.430201+00:00,E2,measured,100,7636,43.07
2026-09-29T14:58:51.490828+00:00,E2,measured,97,7636,68.64
2026-09-29T14:58:52.548589+00:00,E2,measured,75,7636,76.19
2026-09-29T14:58:53.599639+00:00,E2,measured,72,7618,108.69
2026-09-29T14:58:54.647516+00:00,E2,measured,79,7636,107.81
2026-09-29T14:58:55.698681+00:00,E2,measured,74,7636,113.65
2026-09-29T14:58:56.764744+00:00,E2,measured,73,7622,110.07
2026-09-29T14:58:57.811601+00:00,E2,measured,71,7637,110.96
2026-09-29T14:58:58.863309+00:00,E2,measured,79,7636,106.62
2026-09-29T14:58:59.923280+00:00,E2,measured,72,7634,113.25
2026-09-29T14:59:00.986057+00:00,E2,measured,72,7622,109.51
2026-09-29T14:59:02.031949+00:00,E2,measured,70,7636,114.07
2026-09-29T14:59:03.095846+00:00,E2,measured,74,7636,106.90
2026-09-29T14:59:04.158215+00:00,E2,measured,79,7637,102.79
2026-09-29T14:59:05.215030+00:00,E2,measured,74,7637,102.23
2026-09-29T14:59:06.261888+00:00,E2,measured,77,7637,109.10
2026-09-29T14:59:07.339799+00:00,E2,measured,70,7618,112.83
2026-09-29T14:59:08.390484+00:00,E2,measured,77,7637,108.84
2026-09-29T14:59:09.432509+00:00,E2,measured,2,1729,96.02
2026-09-29T14:59:10.485885+00:00,E2,measured,2,1828,33.03
2026-09-29T14:59:11.557109+00:00,E2,measured,1,6340,30.69
2026-09-29T14:59:12.617394+00:00,E2,measured,35,6359,34.69
2026-09-29T14:59:13.660337+00:00,E2,measured,1,7690,36.38
2026-09-29T14:59:14.719786+00:00,E2,measured,99,7637,55.89
2026-09-29T14:59:15.763942+00:00,E2,measured,100,7637,70.37
2026-09-29T14:59:16.824426+00:00,E2,measured,77,7637,79.63
2026-09-29T14:59:17.874810+00:00,E2,measured,75,7637,114.87
2026-09-29T14:59:18.931117+00:00,E2,measured,72,7618,107.12
2026-09-29T14:59:19.968598+00:00,E2,measured,72,7636,114.24
2026-09-29T14:59:21.025859+00:00,E2,measured,71,7636,106.43
2026-09-29T14:59:22.078368+00:00,E2,measured,70,7625,112.51
2026-09-29T14:59:23.129337+00:00,E2,measured,72,7618,113.11
2026-09-29T14:59:24.170477+00:00,E2,measured,78,7636,108.34
2026-09-29T14:59:25.222491+00:00,E2,measured,73,7636,106.64
2026-09-29T14:59:26.276717+00:00,E2,measured,77,7625,110.91
2026-09-29T14:59:27.337310+00:00,E2,measured,76,7618,114.05
2026-09-29T14:59:28.405266+00:00,E2,measured,74,7636,108.32
2026-09-29T14:59:29.453449+00:00,E2,measured,70,7636,106.49
2026-09-29T14:59:30.501657+00:00,E2,measured,73,7625,113.32
2026-09-29T14:59:31.556179+00:00,E2,measured,78,7618,112.83
2026-09-29T14:59:32.619336+00:00,E2,measured,66,7636,99.68
2026-09-29T14:59:33.660492+00:00,E2,measured,1,1729,88.75
2026-09-29T14:59:34.712433+00:00,E2,measured,1,1821,33.14
2026-09-29T14:59:35.776881+00:00,E2,measured,1,5157,30.35
2026-09-29T14:59:36.821985+00:00,E2,measured,27,6358,33.91
2026-09-29T14:59:37.873435+00:00,E2,measured,14,7628,35.80
2026-09-29T14:59:38.919660+00:00,E2,measured,97,7632,56.85
2026-09-29T14:59:39.970241+00:00,E2,measured,100,7637,68.83
2026-09-29T14:59:41.023786+00:00,E2,measured,100,7636,67.02
2026-09-29T14:59:42.079696+00:00,E2,measured,74,7622,108.71
2026-09-29T14:59:43.150911+00:00,E2,measured,70,7629,108.71
2026-09-29T14:59:44.201545+00:00,E2,measured,71,7638,104.27
2026-09-29T14:59:45.253704+00:00,E2,measured,78,7638,110.42
2026-09-29T14:59:46.310814+00:00,E2,measured,79,7637,111.81
2026-09-29T14:59:47.379726+00:00,E2,measured,78,7637,108.36
2026-09-29T14:59:48.434080+00:00,E2,measured,71,7637,110.14
2026-09-29T14:59:49.489071+00:00,E2,measured,76,7618,112.45
2026-09-29T14:59:50.537465+00:00,E2,measured,79,7636,112.82
2026-09-29T14:59:51.611980+00:00,E2,measured,72,7636,106.87
2026-09-29T14:59:52.660456+00:00,E2,measured,67,7636,111.56
2026-09-29T14:59:53.716932+00:00,E2,measured,69,7618,113.73
2026-09-29T14:59:54.773776+00:00,E2,measured,77,7636,105.68
2026-09-29T14:59:55.821740+00:00,E2,measured,68,7636,108.54
2026-09-29T14:59:56.883116+00:00,E2,measured,72,7625,112.18
2026-09-29T14:59:57.934859+00:00,E2,measured,72,7637,112.44
2026-09-29T14:59:58.996922+00:00,E2,measured,76,7637,107.34
2026-09-29T15:00:00.052408+00:00,E2,measured,31,1729,102.27
2026-09-29T15:00:01.115374+00:00,E2,measured,1,1814,33.06
2026-09-29T15:00:02.168142+00:00,E2,measured,43,6358,30.23
2026-09-29T15:00:03.228726+00:00,E2,measured,25,6358,34.76
2026-09-29T15:00:04.286721+00:00,E2,measured,21,7677,36.39
2026-09-29T15:00:05.335520+00:00,E2,measured,96,7618,54.33
2026-09-29T15:00:06.387710+00:00,E2,measured,100,7637,71.33
2026-09-29T15:00:07.435547+00:00,E2,measured,80,7636,68.43
2026-09-29T15:00:08.489238+00:00,E2,measured,75,7636,112.37
2026-09-29T15:00:09.530977+00:00,E2,measured,75,7618,115.78
2026-09-29T15:00:10.590504+00:00,E2,measured,74,7636,111.81
2026-09-29T15:00:11.652309+00:00,E2,measured,74,7636,113.08
2026-09-29T15:00:12.715494+00:00,E2,measured,67,7625,114.50
2026-09-29T15:00:13.774635+00:00,E2,measured,67,7618,114.50
2026-09-29T15:00:14.824464+00:00,E2,measured,78,7636,104.94
2026-09-29T15:00:15.870829+00:00,E2,measured,75,7636,111.13
2026-09-29T15:00:16.925460+00:00,E2,measured,73,7622,114.32
2026-09-29T15:00:17.972277+00:00,E2,measured,69,7636,113.93
2026-09-29T15:00:19.030006+00:00,E2,measured,77,7636,105.92
2026-09-29T15:00:20.077993+00:00,E2,measured,77,7627,110.55
2026-09-29T15:00:21.141063+00:00,E2,measured,72,7622,112.53
2026-09-29T15:00:22.197256+00:00,E2,measured,81,7636,105.42
2026-09-29T15:00:23.253068+00:00,E2,measured,71,7636,105.70
2026-09-29T15:00:24.308088+00:00,E2,measured,74,7636,112.58
2026-09-29T15:00:25.388265+00:00,E2,measured,74,7618,110.09
2026-09-29T15:00:26.448849+00:00,E2,measured,78,7636,106.40
2026-09-29T15:00:27.509606+00:00,E2,measured,70,7638,107.25
2026-09-29T15:00:28.567325+00:00,E2,measured,71,7637,105.51
2026-09-29T15:00:29.616666+00:00,E2,measured,70,7637,110.08
2026-09-29T15:00:30.667873+00:00,E2,measured,3,1837,41.50
2026-09-29T15:00:31.723472+00:00,E2,measured,1,1829,32.61
2026-09-29T15:00:32.771267+00:00,E2,measured,24,6359,31.21
2026-09-29T15:00:33.822522+00:00,E2,measured,9,7668,34.54
2026-09-29T15:00:34.875728+00:00,E2,measured,35,7636,35.28
2026-09-29T15:00:35.930243+00:00,E2,measured,100,7636,66.67
2026-09-29T15:00:36.990425+00:00,E2,measured,96,7627,69.84
2026-09-29T15:00:38.031191+00:00,E2,measured,75,7620,95.44
2026-09-29T15:00:39.077620+00:00,E2,measured,83,7638,113.59
2026-09-29T15:00:40.156908+00:00,E2,measured,71,7638,110.13
2026-09-29T15:00:41.200253+00:00,E2,measured,75,7630,110.15
2026-09-29T15:00:42.258073+00:00,E2,measured,74,7620,115.54
2026-09-29T15:00:43.322214+00:00,E2,measured,79,7639,106.67
2026-09-29T15:00:44.371464+00:00,E2,measured,75,7640,104.26
2026-09-29T15:00:45.430102+00:00,E2,measured,74,7639,110.15
2026-09-29T15:00:46.488711+00:00,E2,measured,68,7639,110.31
2026-09-29T15:00:47.539133+00:00,E2,measured,72,7620,112.72
2026-09-29T15:00:48.602583+00:00,E2,measured,73,7640,109.84
2026-09-29T15:00:49.661955+00:00,E2,measured,72,7639,109.56
2026-09-29T15:00:50.699585+00:00,E2,measured,76,7628,112.80
2026-09-29T15:00:51.763594+00:00,E2,measured,77,7639,112.79
2026-09-29T15:00:52.835873+00:00,E2,measured,68,7639,106.57
2026-09-29T15:00:53.886574+00:00,E2,measured,65,7639,108.75
2026-09-29T15:00:54.929660+00:00,E2,measured,76,1710,113.24
2026-09-29T15:00:55.975264+00:00,E2,measured,3,1822,57.35
2026-09-29T15:00:57.020603+00:00,E2,measured,2,1829,33.13
2026-09-29T15:00:58.059098+00:00,E2,measured,43,6359,29.65
2026-09-29T15:00:59.104500+00:00,E2,measured,34,7687,30.84
2026-09-29T15:01:00.158754+00:00,E2,measured,100,7636,55.71
2026-09-29T15:01:01.196678+00:00,E2,measured,100,7636,66.94
2026-09-29T15:01:02.258066+00:00,E2,measured,75,7620,83.95
2026-09-29T15:01:03.306642+00:00,E2,measured,75,7638,112.93
2026-09-29T15:01:04.363908+00:00,E2,measured,69,7638,103.06
2026-09-29T15:01:05.414307+00:00,E2,measured,73,7627,109.13
2026-09-29T15:01:06.462712+00:00,E2,measured,72,7620,113.07
2026-09-29T15:01:07.546394+00:00,E2,measured,77,7638,112.25
2026-09-29T15:01:08.598061+00:00,E2,measured,72,7638,100.92
2026-09-29T15:01:09.661324+00:00,E2,measured,70,7627,114.52
2026-09-29T15:01:10.725355+00:00,E2,measured,76,7631,109.72
2026-09-29T15:01:11.791849+00:00,E2,measured,64,7640,104.70
2026-09-29T15:01:12.852192+00:00,E2,measured,75,7640,110.06
2026-09-29T15:01:13.896078+00:00,E2,measured,72,7620,114.49
2026-09-29T15:01:14.965575+00:00,E2,measured,78,7640,114.49
2026-09-29T15:01:16.013798+00:00,E2,measured,77,7640,106.29
2026-09-29T15:01:17.065451+00:00,E2,measured,78,7640,104.48
2026-09-29T15:01:18.124713+00:00,E2,measured,73,7621,112.01
2026-09-29T15:01:19.186055+00:00,E2,measured,1,1733,51.93
2026-09-29T15:01:20.228601+00:00,E2,measured,1,1829,33.00
2026-09-29T15:01:21.278178+00:00,E2,measured,35,6358,30.82
2026-09-29T15:01:22.326648+00:00,E2,measured,15,7675,34.98
2026-09-29T15:01:23.370886+00:00,E2,measured,100,7618,41.82
2026-09-29T15:01:24.430572+00:00,E2,measured,100,7636,70.87
2026-09-29T15:01:25.499290+00:00,E2,measured,100,7638,66.91
2026-09-29T15:01:26.560386+00:00,E2,measured,73,7640,89.50
2026-09-29T15:01:27.617719+00:00,E2,measured,76,7640,113.44
2026-09-29T15:01:28.663981+00:00,E2,measured,78,7621,113.84
2026-09-29T15:01:29.721628+00:00,E2,measured,72,7640,109.12
2026-09-29T15:01:30.764796+00:00,E2,measured,73,7639,108.53
2026-09-29T15:01:31.826877+00:00,E2,measured,76,7628,114.53
2026-09-29T15:01:32.885178+00:00,E2,measured,70,7620,113.60
2026-09-29T15:01:33.956588+00:00,E2,measured,77,7639,106.80
2026-09-29T15:01:35.003598+00:00,E2,measured,72,7639,108.42
2026-09-29T15:01:36.053307+00:00,E2,measured,75,7628,110.40
2026-09-29T15:01:37.124889+00:00,E2,measured,76,7620,114.18
2026-09-29T15:01:38.190234+00:00,E2,measured,71,7639,107.63
2026-09-29T15:01:39.257573+00:00,E2,measured,69,7639,111.34
2026-09-29T15:01:40.319283+00:00,E2,measured,70,7624,111.73
2026-09-29T15:01:41.364760+00:00,E2,measured,72,7639,112.77
2026-09-29T15:01:42.418899+00:00,E2,measured,45,1736,106.25
2026-09-29T15:01:43.453805+00:00,E2,measured,16,1818,37.41
2026-09-29T15:01:44.493228+00:00,E2,measured,1,1814,31.75
2026-09-29T15:01:45.534317+00:00,E2,measured,34,6359,31.51
2026-09-29T15:01:46.590678+00:00,E2,measured,24,7689,36.53
2026-09-29T15:01:47.652019+00:00,E2,measured,100,7637,63.32
2026-09-29T15:01:48.694126+00:00,E2,measured,97,7625,71.78
2026-09-29T15:01:49.752362+00:00,E2,measured,74,7639,82.76
2026-09-29T15:01:50.795927+00:00,E2,measured,72,7639,110.90
2026-09-29T15:01:51.856127+00:00,E2,measured,72,7628,115.08
2026-09-29T15:01:52.906522+00:00,E2,measured,71,7620,115.05
2026-09-29T15:01:53.956034+00:00,E2,measured,77,7639,106.21
2026-09-29T15:01:54.998370+00:00,E2,measured,72,7639,113.19
2026-09-29T15:01:56.061178+00:00,E2,measured,74,7620,115.58
2026-09-29T15:01:57.123334+00:00,E2,measured,67,7620,110.18
2026-09-29T15:01:58.171749+00:00,E2,measured,72,7639,107.32
2026-09-29T15:01:59.230957+00:00,E2,measured,72,7636,113.42
2026-09-29T15:02:00.294326+00:00,E2,measured,76,7620,112.64
2026-09-29T15:02:01.367499+00:00,E2,measured,75,7640,112.31
2026-09-29T15:02:02.419634+00:00,E2,measured,72,7639,109.18
2026-09-29T15:02:03.486652+00:00,E2,measured,70,7628,111.45
2026-09-29T15:02:04.527839+00:00,E2,measured,70,7631,111.21
2026-09-29T15:02:05.585841+00:00,E2,measured,77,7640,109.67
2026-09-29T15:02:06.633562+00:00,E2,measured,71,7639,111.84
2026-09-29T15:02:07.691362+00:00,E2,measured,72,7620,110.41
2026-09-29T15:02:08.758576+00:00,E2,measured,69,7620,110.82
2026-09-29T15:02:09.800413+00:00,E3,warmup,2,1740,83.65
2026-09-29T15:02:10.846508+00:00,E3,warmup,1,1828,33.30
2026-09-29T15:02:11.899278+00:00,E3,warmup,1,6347,30.49
2026-09-29T15:02:12.941993+00:00,E3,warmup,30,6359,31.13
2026-09-29T15:02:13.988637+00:00,E3,warmup,15,7636,31.54
2026-09-29T15:02:15.046315+00:00,E3,warmup,100,7634,58.28
2026-09-29T15:02:16.107986+00:00,E3,warmup,100,7622,71.80
2026-09-29T15:02:17.159977+00:00,E3,warmup,79,7636,101.70
2026-09-29T15:02:18.210197+00:00,E3,warmup,75,7636,108.14
2026-09-29T15:02:19.273150+00:00,E3,warmup,73,7625,114.29
2026-09-29T15:02:20.317232+00:00,E3,warmup,72,7618,108.60
2026-09-29T15:02:21.373287+00:00,E3,warmup,76,7636,112.57
2026-09-29T15:02:22.425103+00:00,E3,warmup,73,7636,108.39
2026-09-29T15:02:23.512711+00:00,E3,warmup,68,7625,112.12
2026-09-29T15:02:24.574940+00:00,E3,warmup,70,7618,106.66
2026-09-29T15:02:25.622019+00:00,E3,warmup,76,7636,110.30
2026-09-29T15:02:26.667755+00:00,E3,warmup,72,7636,112.27
2026-09-29T15:02:27.736412+00:00,E3,warmup,67,7625,111.49
2026-09-29T15:02:28.797436+00:00,E3,warmup,72,7618,109.99
2026-09-29T15:02:29.857785+00:00,E3,warmup,75,7636,106.54
2026-09-29T15:02:30.923008+00:00,E3,warmup,72,7636,111.29
2026-09-29T15:02:31.972235+00:00,E3,warmup,70,7628,111.21
2026-09-29T15:02:33.041025+00:00,E3,warmup,66,7637,113.28
2026-09-29T15:02:34.090632+00:00,E3,warmup,78,7636,107.31
2026-09-29T15:02:35.162523+00:00,E3,warmup,67,7625,109.23
2026-09-29T15:02:36.216815+00:00,E3,warmup,71,7618,112.57
2026-09-29T15:02:37.265897+00:00,E3,warmup,78,7636,113.01
2026-09-29T15:02:38.319149+00:00,E3,measured,72,1729,106.87
2026-09-29T15:02:39.360378+00:00,E3,measured,2,1840,47.72
2026-09-29T15:02:40.402477+00:00,E3,measured,1,1810,32.18
2026-09-29T15:02:41.448509+00:00,E3,measured,34,6358,30.62
2026-09-29T15:02:42.507570+00:00,E3,measured,12,7686,34.94
2026-09-29T15:02:43.557175+00:00,E3,measured,27,7625,35.37
2026-09-29T15:02:44.627189+00:00,E3,measured,100,7618,68.53
2026-09-29T15:02:45.689771+00:00,E3,measured,91,7636,72.45
2026-09-29T15:02:46.734217+00:00,E3,measured,70,7636,105.38
2026-09-29T15:02:47.787338+00:00,E3,measured,69,7625,113.99
2026-09-29T15:02:48.825227+00:00,E3,measured,73,7618,114.67
2026-09-29T15:02:49.909727+00:00,E3,measured,74,7636,108.27
2026-09-29T15:02:50.955381+00:00,E3,measured,73,7636,107.92
2026-09-29T15:02:51.996487+00:00,E3,measured,73,7628,114.87
2026-09-29T15:02:53.079147+00:00,E3,measured,71,7636,115.16
2026-09-29T15:02:54.142852+00:00,E3,measured,69,7636,98.67
2026-09-29T15:02:55.185447+00:00,E3,measured,74,7630,111.90
2026-09-29T15:02:56.229416+00:00,E3,measured,73,7618,114.29
2026-09-29T15:02:57.288728+00:00,E3,measured,78,7636,110.68
2026-09-29T15:02:58.335212+00:00,E3,measured,72,7636,101.64
2026-09-29T15:02:59.384966+00:00,E3,measured,73,7625,113.36
2026-09-29T15:03:00.429106+00:00,E3,measured,77,7618,113.86
2026-09-29T15:03:01.496334+00:00,E3,measured,77,7636,110.24
2026-09-29T15:03:02.559463+00:00,E3,measured,75,7636,100.00
2026-09-29T15:03:03.623664+00:00,E3,measured,74,7636,111.43
2026-09-29T15:03:04.681002+00:00,E3,measured,72,7618,113.29
2026-09-29T15:03:05.744490+00:00,E3,measured,77,7636,97.46
2026-09-29T15:03:06.795115+00:00,E3,measured,69,7636,107.65
2026-09-29T15:03:07.847136+00:00,E3,measured,70,1718,113.51
2026-09-29T15:03:08.907935+00:00,E3,measured,1,1831,48.42
2026-09-29T15:03:09.952538+00:00,E3,measured,1,1828,32.76
2026-09-29T15:03:10.996054+00:00,E3,measured,35,6356,29.88
2026-09-29T15:03:12.040791+00:00,E3,measured,6,7736,35.01
2026-09-29T15:03:13.111047+00:00,E3,measured,100,7700,44.31
2026-09-29T15:03:14.156154+00:00,E3,measured,100,7700,63.09
2026-09-29T15:03:15.206511+00:00,E3,measured,70,7689,78.71
2026-09-29T15:03:16.264465+00:00,E3,measured,73,7682,115.16
2026-09-29T15:03:17.331684+00:00,E3,measured,77,7700,108.89
2026-09-29T15:03:18.386839+00:00,E3,measured,75,7700,105.12
2026-09-29T15:03:19.431042+00:00,E3,measured,73,7689,113.71
2026-09-29T15:03:20.488400+00:00,E3,measured,71,7682,112.76
2026-09-29T15:03:21.529296+00:00,E3,measured,79,7700,110.90
2026-09-29T15:03:22.589665+00:00,E3,measured,79,7700,107.07
2026-09-29T15:03:23.663414+00:00,E3,measured,71,7689,110.89
2026-09-29T15:03:24.734395+00:00,E3,measured,73,7682,108.46
2026-09-29T15:03:25.788138+00:00,E3,measured,77,7700,107.61
2026-09-29T15:03:26.836425+00:00,E3,measured,73,7700,110.92
2026-09-29T15:03:27.890932+00:00,E3,measured,70,7689,111.93
2026-09-29T15:03:28.937636+00:00,E3,measured,69,7701,108.12
2026-09-29T15:03:29.984231+00:00,E3,measured,77,7700,105.81
2026-09-29T15:03:31.034224+00:00,E3,measured,71,7698,109.90
2026-09-29T15:03:32.103514+00:00,E3,measured,73,7686,113.82
2026-09-29T15:03:33.182039+00:00,E3,measured,75,7700,108.40
2026-09-29T15:03:34.288158+00:00,E3,measured,75,1729,102.71
2026-09-29T15:03:35.331385+00:00,E3,measured,4,1840,49.61
2026-09-29T15:03:36.384188+00:00,E3,measured,1,1810,32.78
2026-09-29T15:03:37.428374+00:00,E3,measured,35,6358,29.75
2026-09-29T15:03:38.469520+00:00,E3,measured,12,7686,32.08
2026-09-29T15:03:39.523491+00:00,E3,measured,100,7625,44.28
2026-09-29T15:03:40.587995+00:00,E3,measured,96,7618,69.28
2026-09-29T15:03:41.633448+00:00,E3,measured,100,7638,71.92
2026-09-29T15:03:42.692253+00:00,E3,measured,72,7638,112.50
2026-09-29T15:03:43.755275+00:00,E3,measured,71,7638,107.10
2026-09-29T15:03:44.813687+00:00,E3,measured,74,7620,110.87
2026-09-29T15:03:45.860447+00:00,E3,measured,74,7638,106.61
2026-09-29T15:03:46.921175+00:00,E3,measured,72,7638,113.22
2026-09-29T15:03:47.970744+00:00,E3,measured,70,7624,108.39
2026-09-29T15:03:49.019130+00:00,E3,measured,74,7639,112.75
2026-09-29T15:03:50.066889+00:00,E3,measured,77,7639,105.90
2026-09-29T15:03:51.130095+00:00,E3,measured,71,7627,111.24
2026-09-29T15:03:52.180632+00:00,E3,measured,79,7620,108.71
2026-09-29T15:03:53.247953+00:00,E3,measured,72,7638,110.80
2026-09-29T15:03:54.296401+00:00,E3,measured,73,7638,106.38
2026-09-29T15:03:55.366950+00:00,E3,measured,68,7627,111.24
2026-09-29T15:03:56.423074+00:00,E3,measured,73,7620,111.04
2026-09-29T15:03:57.473296+00:00,E3,measured,73,7638,111.78
2026-09-29T15:03:58.534523+00:00,E3,measured,70,7638,106.46
2026-09-29T15:03:59.589944+00:00,E3,measured,68,7627,112.57
2026-09-29T15:04:00.628923+00:00,E3,measured,78,1710,113.29
2026-09-29T15:04:01.677423+00:00,E3,measured,2,1928,37.84
2026-09-29T15:04:02.722911+00:00,E3,measured,1,1828,31.46
2026-09-29T15:04:03.764382+00:00,E3,measured,33,6358,30.83
2026-09-29T15:04:04.802417+00:00,E3,measured,22,7668,36.38
2026-09-29T15:04:05.846161+00:00,E3,measured,100,7636,41.19
2026-09-29T15:04:06.896379+00:00,E3,measured,100,7636,69.15
2026-09-29T15:04:07.944429+00:00,E3,measured,99,7618,76.39
2026-09-29T15:04:08.994482+00:00,E3,measured,75,7637,113.06
2026-09-29T15:04:10.045379+00:00,E3,measured,75,7636,104.08
2026-09-29T15:04:11.091490+00:00,E3,measured,74,7636,109.36
2026-09-29T15:04:12.139390+00:00,E3,measured,73,7622,114.71
2026-09-29T15:04:13.196585+00:00,E3,measured,73,7636,112.46
2026-09-29T15:04:14.254397+00:00,E3,measured,73,7636,105.51
2026-09-29T15:04:15.325038+00:00,E3,measured,73,7625,113.51
2026-09-29T15:04:16.375575+00:00,E3,measured,73,7618,114.76
2026-09-29T15:04:17.433818+00:00,E3,measured,72,7636,108.00
2026-09-29T15:04:18.499854+00:00,E3,measured,73,7636,103.90
2026-09-29T15:04:19.555796+00:00,E3,measured,75,7618,115.62
2026-09-29T15:04:20.648821+00:00,E3,measured,63,7618,110.32
2026-09-29T15:04:21.701836+00:00,E3,measured,80,7636,105.59
2026-09-29T15:04:22.755877+00:00,E3,measured,76,7636,113.22
2026-09-29T15:04:23.838513+00:00,E3,measured,72,7625,110.92
2026-09-29T15:04:24.890360+00:00,E3,measured,77,7618,111.16
2026-09-29T15:04:25.944091+00:00,E3,measured,76,7637,107.44
2026-09-29T15:04:27.007194+00:00,E3,measured,75,7635,111.13
2026-09-29T15:04:28.059725+00:00,E3,measured,69,7622,112.87
2026-09-29T15:04:29.110860+00:00,E3,measured,74,1729,111.35
2026-09-29T15:04:30.154122+00:00,E3,measured,1,1828,33.17
2026-09-29T15:04:31.214024+00:00,E3,measured,1,6347,29.66
2026-09-29T15:04:32.260375+00:00,E3,measured,34,6340,33.17
2026-09-29T15:04:33.299565+00:00,E3,measured,13,7636,34.04
2026-09-29T15:04:34.354086+00:00,E3,measured,100,7636,62.15
2026-09-29T15:04:35.406710+00:00,E3,measured,100,7622,71.64
2026-09-29T15:04:36.460414+00:00,E3,measured,72,7618,87.61
2026-09-29T15:04:37.514304+00:00,E3,measured,77,7636,111.05
2026-09-29T15:04:38.561296+00:00,E3,measured,75,7636,105.52
2026-09-29T15:04:39.622171+00:00,E3,measured,74,7625,114.18
2026-09-29T15:04:40.683225+00:00,E3,measured,69,7618,113.46
2026-09-29T15:04:41.743963+00:00,E3,measured,78,7636,105.16
2026-09-29T15:04:42.792699+00:00,E3,measured,72,7636,108.37
2026-09-29T15:04:43.844826+00:00,E3,measured,72,7625,114.05
2026-09-29T15:04:44.900254+00:00,E3,measured,74,7618,112.36
2026-09-29T15:04:45.943324+00:00,E3,measured,75,7636,103.68
2026-09-29T15:04:46.990069+00:00,E3,measured,73,7636,111.68
2026-09-29T15:04:48.045139+00:00,E3,measured,68,7622,112.16
2026-09-29T15:04:49.118648+00:00,E3,measured,72,7636,111.37
2026-09-29T15:04:50.165678+00:00,E3,measured,74,7636,104.23
2026-09-29T15:04:51.229663+00:00,E3,measured,70,7625,113.72
2026-09-29T15:04:52.304586+00:00,E3,measured,69,7618,113.87
2026-09-29T15:04:53.359723+00:00,E3,measured,78,7636,106.49
2026-09-29T15:04:54.421445+00:00,E3,measured,76,7636,105.16
2026-09-29T15:04:55.468214+00:00,E3,measured,76,7625,114.80
2026-09-29T15:04:56.523885+00:00,E3,measured,72,7618,112.22
2026-09-29T15:04:57.579614+00:00,E3,measured,77,7636,111.03
2026-09-29T15:04:58.629970+00:00,E3,measured,72,7636,104.91
2026-09-29T15:04:59.696603+00:00,E3,measured,69,7636,110.61
2026-09-29T15:05:00.755933+00:00,E3,measured,74,7618,111.68
2026-09-29T15:05:01.818773+00:00,E3,measured,70,7636,108.92
2026-09-29T15:05:02.867826+00:00,E3,measured,75,7636,111.43
2026-09-29T15:05:03.922111+00:00,E3,measured,69,7622,109.79
2026-09-29T15:05:04.974100+00:00,E3,measured,70,7637,111.05
2026-09-29T15:05:06.028145+00:00,E3,measured,75,7636,106.54
2026-09-29T15:05:07.117190+00:00,E3,measured,72,7628,111.18
2026-09-29T15:05:08.160428+00:00,E3,measured,1,1714,100.05
2026-09-29T15:05:09.208799+00:00,E3,measured,4,1828,33.56
2026-09-29T15:05:10.254367+00:00,E3,measured,1,1828,30.99
2026-09-29T15:05:11.295318+00:00,E3,measured,35,6358,30.13
2026-09-29T15:05:12.341574+00:00,E3,measured,15,7681,32.07
2026-09-29T15:05:13.397190+00:00,E3,measured,100,7636,51.84
2026-09-29T15:05:14.454965+00:00,E3,measured,100,7636,65.62
2026-09-29T15:05:15.500424+00:00,E3,measured,100,7627,72.27
2026-09-29T15:05:16.563298+00:00,E3,measured,76,7620,107.43
2026-09-29T15:05:17.613284+00:00,E3,measured,79,7638,114.33
2026-09-29T15:05:18.664545+00:00,E3,measured,75,7638,110.58
2026-09-29T15:05:19.720976+00:00,E3,measured,72,7627,115.56
2026-09-29T15:05:20.766885+00:00,E3,measured,76,7620,113.59
2026-09-29T15:05:21.820183+00:00,E3,measured,73,7638,105.19
2026-09-29T15:05:22.867826+00:00,E3,measured,77,7638,110.88
2026-09-29T15:05:23.940038+00:00,E3,measured,71,7624,113.88
2026-09-29T15:05:25.001838+00:00,E3,measured,77,7639,114.02
2026-09-29T15:05:26.069851+00:00,E3,measured,75,7638,102.20
2026-09-29T15:05:27.122324+00:00,E3,measured,77,7627,108.41
2026-09-29T15:05:28.174219+00:00,E3,measured,73,7624,112.61
2026-09-29T15:05:29.233658+00:00,E3,measured,75,7638,109.66
2026-09-29T15:05:30.293197+00:00,E3,measured,76,7638,106.00
2026-09-29T15:05:31.346495+00:00,E3,measured,76,7620,114.13
2026-09-29T15:05:32.423337+00:00,E3,measured,72,7620,112.53
2026-09-29T15:05:33.470375+00:00,E3,measured,75,7638,106.20
2026-09-29T15:05:34.523041+00:00,E3,measured,76,7638,105.55
2026-09-29T15:05:35.566561+00:00,E3,measured,74,7627,112.45
2026-09-29T15:05:36.626341+00:00,E3,measured,71,7620,111.02
2026-09-29T15:05:37.689059+00:00,E3,measured,79,7638,106.34
2026-09-29T15:05:38.752467+00:00,E3,measured,76,7638,112.50
2026-09-29T15:05:39.809775+00:00,E3,measured,68,7627,112.52
2026-09-29T15:05:40.857879+00:00,E3,measured,71,7620,109.80
2026-09-29T15:05:41.906403+00:00,E3,measured,76,7638,107.55
2026-09-29T15:05:42.952322+00:00,E3,measured,1,1737,95.72
2026-09-29T15:05:44.003371+00:00,E3,measured,4,1822,33.57
2026-09-29T15:05:45.049566+00:00,E3,measured,1,6358,30.84
2026-09-29T15:05:46.094923+00:00,E3,measured,36,6358,32.52
2026-09-29T15:05:47.143770+00:00,E3,measured,99,7627,38.88
2026-09-29T15:05:48.204624+00:00,E3,measured,100,7618,66.60
2026-09-29T15:05:49.236939+00:00,E3,measured,99,7636,71.90
2026-09-29T15:05:50.289559+00:00,E3,measured,72,7636,105.07
2026-09-29T15:05:51.356521+00:00,E3,measured,71,7625,115.18
2026-09-29T15:05:52.402644+00:00,E3,measured,75,7618,110.86
2026-09-29T15:05:53.453092+00:00,E3,measured,79,7636,112.72
2026-09-29T15:05:54.503260+00:00,E3,measured,72,7636,107.45
2026-09-29T15:05:55.552572+00:00,E3,measured,65,7625,110.97
2026-09-29T15:05:56.602427+00:00,E3,measured,75,7618,113.12
2026-09-29T15:05:57.658513+00:00,E3,measured,78,7636,107.57
2026-09-29T15:05:58.710583+00:00,E3,measured,72,7636,112.18
2026-09-29T15:05:59.755279+00:00,E3,measured,75,7625,110.39
2026-09-29T15:06:00.800834+00:00,E3,measured,72,7618,114.15
2026-09-29T15:06:01.863862+00:00,E3,measured,71,7636,109.64
2026-09-29T15:06:02.921996+00:00,E3,measured,71,7636,107.72
2026-09-29T15:06:03.971608+00:00,E3,measured,74,7632,114.48
2026-09-29T15:06:05.035842+00:00,E3,measured,78,7637,114.30
2026-09-29T15:06:06.079745+00:00,E3,measured,74,1730,105.47
2026-09-29T15:06:07.113408+00:00,E3,measured,1,1820,42.57
2026-09-29T15:06:08.163585+00:00,E3,measured,1,4242,29.89
2026-09-29T15:06:09.221122+00:00,E3,measured,31,6358,34.29
2026-09-29T15:06:10.264070+00:00,E3,measured,14,7689,35.57
2026-09-29T15:06:11.323551+00:00,E3,measured,100,7636,59.99
2026-09-29T15:06:12.388544+00:00,E3,measured,100,7624,71.93
2026-09-29T15:06:13.449783+00:00,E3,measured,76,7638,89.07
2026-09-29T15:06:14.504789+00:00,E3,measured,75,7638,103.84
2026-09-29T15:06:15.557443+00:00,E3,measured,75,7627,115.32
2026-09-29T15:06:16.601872+00:00,E3,measured,72,7620,113.05
2026-09-29T15:06:17.648561+00:00,E3,measured,81,7638,108.08
2026-09-29T15:06:18.696658+00:00,E3,measured,73,7638,111.31
2026-09-29T15:06:19.756552+00:00,E3,measured,75,7627,117.27
2026-09-29T15:06:20.805324+00:00,E3,measured,71,7620,112.39
2026-09-29T15:06:21.863718+00:00,E3,measured,76,7638,104.18
2026-09-29T15:06:22.928253+00:00,E3,measured,72,7638,111.83
2026-09-29T15:06:23.987600+00:00,E3,measured,70,7624,113.63
2026-09-29T15:06:25.039543+00:00,E3,measured,71,7639,110.11
2026-09-29T15:06:26.094171+00:00,E3,measured,76,7638,106.98
2026-09-29T15:06:27.157126+00:00,E3,measured,72,7627,112.14
2026-09-29T15:06:28.226033+00:00,E3,measured,70,7620,111.56
2026-09-29T15:06:29.272191+00:00,E3,measured,74,7638,108.42
2026-09-29T15:06:30.329482+00:00,E3,measured,72,7638,107.18
2026-09-29T15:06:31.387273+00:00,E3,measured,74,7627,115.27
2026-09-29T15:06:32.432910+00:00,E3,measured,66,7620,113.01
2026-09-29T15:06:33.478074+00:00,E3,measured,76,7638,105.36
2026-09-29T15:06:34.519494+00:00,E3,measured,72,1729,109.40
2026-09-29T15:06:35.556150+00:00,E3,measured,2,1810,52.41
2026-09-29T15:06:36.594949+00:00,E3,measured,1,1810,32.92
2026-09-29T15:06:37.641784+00:00,E3,measured,34,6358,30.75
2026-09-29T15:06:38.708263+00:00,E3,measured,11,7686,35.83
2026-09-29T15:06:39.755833+00:00,E3,measured,100,7625,51.43
2026-09-29T15:06:40.802959+00:00,E3,measured,100,7618,69.63
2026-09-29T15:06:41.868175+00:00,E3,measured,100,7638,69.76
2026-09-29T15:06:42.921706+00:00,E3,measured,72,7638,107.92
2026-09-29T15:06:43.971958+00:00,E3,measured,75,7633,111.69
2026-09-29T15:06:45.039068+00:00,E3,measured,75,7638,112.73
2026-09-29T15:06:46.091106+00:00,E3,measured,71,7638,109.13
2026-09-29T15:06:47.156556+00:00,E3,measured,74,7630,109.58
2026-09-29T15:06:48.207928+00:00,E3,measured,71,7620,108.77
2026-09-29T15:06:49.254884+00:00,E3,measured,79,7638,111.75
2026-09-29T15:06:50.315804+00:00,E3,measured,70,7638,108.97
2026-09-29T15:06:51.388912+00:00,E3,measured,67,7627,110.17
2026-09-29T15:06:52.432639+00:00,E3,measured,71,7620,108.80
2026-09-29T15:06:53.492236+00:00,E3,measured,74,7638,110.65
2026-09-29T15:06:54.558065+00:00,E3,measured,73,7638,107.46
2026-09-29T15:06:55.624262+00:00,E3,measured,70,7638,111.91
2026-09-29T15:06:56.685984+00:00,E3,measured,74,7620,108.23
2026-09-29T15:06:57.731866+00:00,E3,measured,71,7638,110.75
2026-09-29T15:06:58.781883+00:00,E3,measured,74,7638,111.13
2026-09-29T15:06:59.838534+00:00,E3,measured,68,7627,112.21
2026-09-29T15:07:00.888519+00:00,E3,measured,77,1710,113.56
2026-09-29T15:07:01.928179+00:00,E3,measured,1,1829,57.42
2026-09-29T15:07:02.962848+00:00,E3,measured,1,1828,32.95
2026-09-29T15:07:04.021995+00:00,E3,measured,34,6344,30.17
2026-09-29T15:07:05.064935+00:00,E3,measured,9,7668,35.10
2026-09-29T15:07:06.119738+00:00,E3,measured,100,7636,40.67
2026-09-29T15:07:07.161801+00:00,E3,measured,100,7636,67.83
2026-09-29T15:07:08.206904+00:00,E3,measured,97,7618,74.18
2026-09-29T15:07:09.256284+00:00,E3,measured,75,7636,113.16
2026-09-29T15:07:10.322424+00:00,E3,measured,72,7636,106.01
2026-09-29T15:07:11.366724+00:00,E3,measured,76,7625,112.93
2026-09-29T15:07:12.420127+00:00,E3,measured,72,7618,112.15
2026-09-29T15:07:13.475224+00:00,E3,measured,76,7636,111.19
2026-09-29T15:07:14.527305+00:00,E3,measured,69,7636,102.11
2026-09-29T15:07:15.579631+00:00,E3,measured,72,7625,110.06
2026-09-29T15:07:16.628419+00:00,E3,measured,77,7618,113.32
2026-09-29T15:07:17.708037+00:00,E3,measured,75,7636,105.95
2026-09-29T15:07:18.759434+00:00,E3,measured,70,7636,103.75
2026-09-29T15:07:19.806662+00:00,E3,measured,71,7630,112.71
2026-09-29T15:07:20.859837+00:00,E3,measured,73,7618,114.32
2026-09-29T15:07:21.925039+00:00,E3,measured,77,7637,106.02
2026-09-29T15:07:22.968299+00:00,E3,measured,76,7636,107.98
2026-09-29T15:07:24.020692+00:00,E3,measured,69,7622,111.71
2026-09-29T15:07:25.074849+00:00,E3,measured,71,7636,113.15
2026-09-29T15:07:26.130758+00:00,E3,measured,71,7636,108.24
2026-09-29T15:07:27.179038+00:00,E3,measured,74,7636,110.42
2026-09-29T15:07:28.253436+00:00,E3,measured,74,7618,111.84
2026-09-29T15:07:29.295993+00:00,E4,setup,2,1665,63.78
2026-09-29T15:07:30.347889+00:00,E4,setup,1,1665,32.84
2026-09-29T15:07:31.864358+00:00,E4,setup,1,1654,29.27
2026-09-29T15:07:32.927779+00:00,E4,setup,1,2098,27.82
2026-09-29T15:07:33.968329+00:00,E4,warmup,3,2382,32.53
2026-09-29T15:07:35.020064+00:00,E4,warmup,1,2382,28.19
2026-09-29T15:07:36.060614+00:00,E4,warmup,52,6898,28.32
2026-09-29T15:07:37.129953+00:00,E4,warmup,35,7709,34.31
2026-09-29T15:07:38.197755+00:00,E4,warmup,1,7674,31.59
2026-09-29T15:07:39.255387+00:00,E4,warmup,100,7667,66.04
2026-09-29T15:07:40.313908+00:00,E4,warmup,100,7662,75.45
2026-09-29T15:07:41.380745+00:00,E4,warmup,70,7680,116.97
2026-09-29T15:07:42.429569+00:00,E4,warmup,73,7680,118.26
2026-09-29T15:07:43.501452+00:00,E4,warmup,75,7669,121.81
2026-09-29T15:07:44.563527+00:00,E4,warmup,73,7662,121.91
2026-09-29T15:07:45.622844+00:00,E4,warmup,68,7680,120.97
2026-09-29T15:07:46.678539+00:00,E4,warmup,73,7680,118.72
2026-09-29T15:07:47.724877+00:00,E4,warmup,70,7669,121.73
2026-09-29T15:07:48.786771+00:00,E4,warmup,69,7662,122.25
2026-09-29T15:07:49.844135+00:00,E4,warmup,71,7680,118.94
2026-09-29T15:07:50.890267+00:00,E4,warmup,71,7680,122.12
2026-09-29T15:07:51.934028+00:00,E4,warmup,70,7666,121.46
2026-09-29T15:07:52.978535+00:00,E4,warmup,68,7681,120.88
2026-09-29T15:07:54.048479+00:00,E4,warmup,68,7680,118.52
2026-09-29T15:07:55.097296+00:00,E4,warmup,73,7680,117.61
2026-09-29T15:07:56.155569+00:00,E4,warmup,70,7666,121.15
2026-09-29T15:07:57.236043+00:00,E4,warmup,68,7680,120.42
2026-09-29T15:07:58.302861+00:00,E4,warmup,69,7680,117.65
2026-09-29T15:07:59.362569+00:00,E4,warmup,70,7669,121.22
2026-09-29T15:08:00.404340+00:00,E4,measured,1,2288,110.68
2026-09-29T15:08:01.459237+00:00,E4,measured,16,2382,33.35
2026-09-29T15:08:02.501472+00:00,E4,measured,1,2382,31.25
2026-09-29T15:08:03.555229+00:00,E4,measured,35,6901,29.46
2026-09-29T15:08:04.614735+00:00,E4,measured,18,7710,31.88
2026-09-29T15:08:05.665913+00:00,E4,measured,97,7678,56.09
2026-09-29T15:08:06.727289+00:00,E4,measured,100,7680,73.30
2026-09-29T15:08:07.775282+00:00,E4,measured,69,7669,101.07
2026-09-29T15:08:08.830043+00:00,E4,measured,66,7662,120.90
2026-09-29T15:08:09.883909+00:00,E4,measured,72,7680,117.70
2026-09-29T15:08:10.930054+00:00,E4,measured,71,7680,121.87
2026-09-29T15:08:11.992207+00:00,E4,measured,68,7666,123.31
2026-09-29T15:08:13.058974+00:00,E4,measured,69,7680,122.04
2026-09-29T15:08:14.139706+00:00,E4,measured,66,7681,116.78
2026-09-29T15:08:15.192872+00:00,E4,measured,71,7669,121.06
2026-09-29T15:08:16.241137+00:00,E4,measured,74,7662,121.92
2026-09-29T15:08:17.334338+00:00,E4,measured,69,7681,119.01
2026-09-29T15:08:18.389612+00:00,E4,measured,73,7681,117.97
2026-09-29T15:08:19.429258+00:00,E4,measured,68,7669,122.28
2026-09-29T15:08:20.491825+00:00,E4,measured,68,7662,121.76
2026-09-29T15:08:21.548644+00:00,E4,measured,67,7680,118.67
2026-09-29T15:08:22.596116+00:00,E4,measured,71,7680,119.77
2026-09-29T15:08:23.658101+00:00,E4,measured,73,7669,121.30
2026-09-29T15:08:24.728719+00:00,E4,measured,65,7662,119.65
2026-09-29T15:08:25.775040+00:00,E4,measured,72,7680,116.17
2026-09-29T15:08:26.835226+00:00,E4,measured,71,7680,121.73
2026-09-29T15:08:27.886715+00:00,E4,measured,3,2495,66.24
2026-09-29T15:08:28.925268+00:00,E4,measured,1,2438,33.13
2026-09-29T15:08:29.969214+00:00,E4,measured,67,6969,30.14
2026-09-29T15:08:31.020645+00:00,E4,measured,36,7652,34.84
2026-09-29T15:08:32.071866+00:00,E4,measured,18,7592,36.43
2026-09-29T15:08:33.117480+00:00,E4,measured,100,7606,59.94
2026-09-29T15:08:34.170048+00:00,E4,measured,73,7608,87.84
2026-09-29T15:08:35.230643+00:00,E4,measured,72,7597,122.63
2026-09-29T15:08:36.283987+00:00,E4,measured,65,7590,120.25
2026-09-29T15:08:37.341439+00:00,E4,measured,74,7608,120.88
2026-09-29T15:08:38.388774+00:00,E4,measured,71,7608,122.01
2026-09-29T15:08:39.446144+00:00,E4,measured,74,7608,123.47
2026-09-29T15:08:40.496492+00:00,E4,measured,71,7590,120.14
2026-09-29T15:08:41.551228+00:00,E4,measured,72,7608,121.71
2026-09-29T15:08:42.597875+00:00,E4,measured,71,7608,120.70
2026-09-29T15:08:43.656508+00:00,E4,measured,69,7597,121.48
2026-09-29T15:08:44.700761+00:00,E4,measured,72,7590,122.83
2026-09-29T15:08:45.765444+00:00,E4,measured,73,7608,120.91
2026-09-29T15:08:46.830228+00:00,E4,measured,67,7608,121.53
2026-09-29T15:08:47.888281+00:00,E4,measured,68,7608,115.93
2026-09-29T15:08:48.943676+00:00,E4,measured,69,7608,122.54
2026-09-29T15:08:49.989565+00:00,E4,measured,71,7608,121.62
2026-09-29T15:08:51.059783+00:00,E4,measured,67,7606,120.29
2026-09-29T15:08:52.122318+00:00,E4,measured,70,7594,118.66
2026-09-29T15:08:53.165218+00:00,E4,measured,72,7608,120.67
2026-09-29T15:08:54.231276+00:00,E4,measured,70,7608,120.25
2026-09-29T15:08:55.288808+00:00,E4,measured,66,7597,117.74
2026-09-29T15:08:56.328519+00:00,E4,measured,1,2334,87.99
2026-09-29T15:08:57.365084+00:00,E4,measured,1,2440,33.74
2026-09-29T15:08:58.429170+00:00,E4,measured,1,6970,30.32
2026-09-29T15:08:59.486361+00:00,E4,measured,34,6964,33.14
2026-09-29T15:09:00.551571+00:00,E4,measured,17,7584,35.90
2026-09-29T15:09:01.603697+00:00,E4,measured,100,7608,53.67
2026-09-29T15:09:02.657319+00:00,E4,measured,100,7610,73.37
2026-09-29T15:09:03.716573+00:00,E4,measured,69,7599,117.14
2026-09-29T15:09:04.775902+00:00,E4,measured,74,7592,122.51
2026-09-29T15:09:05.833129+00:00,E4,measured,70,7610,120.35
2026-09-29T15:09:06.880927+00:00,E4,measured,68,7610,118.12
2026-09-29T15:09:07.928895+00:00,E4,measured,69,7596,122.28
2026-09-29T15:09:08.986038+00:00,E4,measured,74,7611,123.70
2026-09-29T15:09:10.056299+00:00,E4,measured,70,7610,120.11
2026-09-29T15:09:11.118986+00:00,E4,measured,67,7610,117.68
2026-09-29T15:09:12.164519+00:00,E4,measured,72,7596,122.82
2026-09-29T15:09:13.223313+00:00,E4,measured,69,7610,122.00
2026-09-29T15:09:14.285922+00:00,E4,measured,70,7610,118.12
2026-09-29T15:09:15.349163+00:00,E4,measured,72,7610,121.50
2026-09-29T15:09:16.394745+00:00,E4,measured,73,7592,122.78
2026-09-29T15:09:17.478769+00:00,E4,measured,66,7610,121.83
2026-09-29T15:09:18.528159+00:00,E4,measured,68,7610,119.54
2026-09-29T15:09:19.589105+00:00,E4,measured,71,7599,122.62
2026-09-29T15:09:20.656746+00:00,E4,measured,66,7592,121.89
2026-09-29T15:09:21.716737+00:00,E4,measured,69,7610,116.67
2026-09-29T15:09:22.775418+00:00,E4,measured,1,2341,100.57
2026-09-29T15:09:23.816812+00:00,E4,measured,2,2429,33.67
2026-09-29T15:09:24.870543+00:00,E4,measured,1,6952,30.57
2026-09-29T15:09:25.918903+00:00,E4,measured,36,6971,31.00
2026-09-29T15:09:26.958486+00:00,E4,measured,18,7658,31.81
2026-09-29T15:09:28.029506+00:00,E4,measured,100,7594,48.05
2026-09-29T15:09:29.081565+00:00,E4,measured,100,7610,73.75
2026-09-29T15:09:30.129666+00:00,E4,measured,70,7610,90.00
2026-09-29T15:09:31.189259+00:00,E4,measured,68,7604,122.71
2026-09-29T15:09:32.249956+00:00,E4,measured,69,7592,122.40
2026-09-29T15:09:33.323759+00:00,E4,measured,74,7610,119.85
2026-09-29T15:09:34.373048+00:00,E4,measured,69,7610,122.36
2026-09-29T15:09:35.427741+00:00,E4,measured,73,7610,122.94
2026-09-29T15:09:36.482084+00:00,E4,measured,71,7592,120.32
2026-09-29T15:09:37.545005+00:00,E4,measured,74,7610,121.23
2026-09-29T15:09:38.596640+00:00,E4,measured,71,7610,121.61
2026-09-29T15:09:39.657063+00:00,E4,measured,67,7599,122.08
2026-09-29T15:09:40.723811+00:00,E4,measured,68,7592,123.24
2026-09-29T15:09:41.774168+00:00,E4,measured,70,7610,121.27
2026-09-29T15:09:42.844345+00:00,E4,measured,66,7610,119.66
2026-09-29T15:09:43.892995+00:00,E4,measured,68,7599,116.67
2026-09-29T15:09:44.951736+00:00,E4,measured,1,2501,75.01
2026-09-29T15:09:45.983274+00:00,E4,measured,1,2500,33.39
2026-09-29T15:09:47.054790+00:00,E4,measured,40,7024,30.13
2026-09-29T15:09:48.105123+00:00,E4,measured,33,7620,34.73
2026-09-29T15:09:49.169808+00:00,E4,measured,18,7668,35.01
2026-09-29T15:09:50.234815+00:00,E4,measured,72,7668,119.72
2026-09-29T15:09:51.290894+00:00,E4,measured,75,7657,110.63
2026-09-29T15:09:52.342750+00:00,E4,measured,70,7650,116.40
2026-09-29T15:09:53.430463+00:00,E4,measured,73,7668,111.54
2026-09-29T15:09:54.495637+00:00,E4,measured,70,7668,103.83
2026-09-29T15:09:55.542240+00:00,E4,measured,72,7657,111.28
2026-09-29T15:09:56.597095+00:00,E4,measured,71,7650,115.69
2026-09-29T15:09:57.661391+00:00,E4,measured,78,7668,111.92
2026-09-29T15:09:58.722698+00:00,E4,measured,76,7668,110.06
2026-09-29T15:09:59.771179+00:00,E4,measured,75,7668,115.17
2026-09-29T15:10:00.825628+00:00,E4,measured,78,7650,114.31
2026-09-29T15:10:01.872936+00:00,E4,measured,75,7668,107.89
2026-09-29T15:10:02.930905+00:00,E4,measured,77,7668,111.38
2026-09-29T15:10:03.988775+00:00,E4,measured,75,7654,113.21
2026-09-29T15:10:05.042111+00:00,E4,measured,67,7669,114.02
2026-09-29T15:10:06.089369+00:00,E4,measured,3,2476,75.18
2026-09-29T15:10:07.128123+00:00,E4,measured,1,2553,33.35
2026-09-29T15:10:08.196424+00:00,E4,measured,33,7076,31.21
2026-09-29T15:10:09.260946+00:00,E4,measured,4,7656,36.38
2026-09-29T15:10:10.324193+00:00,E4,measured,93,7668,34.09
2026-09-29T15:10:11.386046+00:00,E4,measured,100,7657,71.21
2026-09-29T15:10:12.429615+00:00,E4,measured,100,7652,71.67
2026-09-29T15:10:13.492094+00:00,E4,measured,79,7670,102.76
2026-09-29T15:10:14.555625+00:00,E4,measured,72,7670,104.02
2026-09-29T15:10:15.597610+00:00,E4,measured,76,7659,110.50
2026-09-29T15:10:16.650458+00:00,E4,measured,80,7652,114.28
2026-09-29T15:10:17.721902+00:00,E4,measured,75,7670,104.43
2026-09-29T15:10:18.766680+00:00,E4,measured,70,7670,109.42
2026-09-29T15:10:19.823587+00:00,E4,measured,73,7659,115.25
2026-09-29T15:10:20.885598+00:00,E4,measured,74,7652,113.30
2026-09-29T15:10:21.944174+00:00,E4,measured,72,7672,101.89
2026-09-29T15:10:22.996924+00:00,E4,measured,75,7670,110.59
2026-09-29T15:10:24.050688+00:00,E4,measured,74,7656,112.91
2026-09-29T15:10:25.118494+00:00,E4,measured,71,7670,114.39
2026-09-29T15:10:26.170174+00:00,E4,measured,78,7670,102.73
2026-09-29T15:10:27.225167+00:00,E4,measured,76,7659,114.54
2026-09-29T15:10:28.288296+00:00,E4,measured,74,7652,112.72
2026-09-29T15:10:29.357057+00:00,E4,measured,78,7670,107.32
2026-09-29T15:10:30.398951+00:00,E4,measured,76,7670,109.01
2026-09-29T15:10:31.468849+00:00,E4,measured,74,7659,114.47
2026-09-29T15:10:32.536521+00:00,E4,measured,67,7652,110.51
2026-09-29T15:10:33.582678+00:00,E4,measured,78,7670,108.30
2026-09-29T15:10:34.629130+00:00,E4,measured,73,2465,107.51
2026-09-29T15:10:35.688611+00:00,E4,measured,4,2561,33.19
2026-09-29T15:10:36.727349+00:00,E4,measured,1,2546,30.79
2026-09-29T15:10:37.769018+00:00,E4,measured,35,7094,31.84
2026-09-29T15:10:38.821860+00:00,E4,measured,15,7654,35.07
2026-09-29T15:10:39.909070+00:00,E4,measured,100,7657,39.01
2026-09-29T15:10:40.966834+00:00,E4,measured,100,7668,70.13
2026-09-29T15:10:42.020773+00:00,E4,measured,100,7671,65.59
2026-09-29T15:10:43.087663+00:00,E4,measured,78,7671,95.51
2026-09-29T15:10:44.139202+00:00,E4,measured,74,7656,107.98
2026-09-29T15:10:45.196781+00:00,E4,measured,72,7652,114.31
2026-09-29T15:10:46.247427+00:00,E4,measured,78,7671,110.99
2026-09-29T15:10:47.310421+00:00,E4,measured,73,7670,106.77
2026-09-29T15:10:48.357733+00:00,E4,measured,72,7659,113.42
2026-09-29T15:10:49.424969+00:00,E4,measured,76,7652,113.47
2026-09-29T15:10:50.489408+00:00,E4,measured,74,7670,110.14
2026-09-29T15:10:51.540347+00:00,E4,measured,77,7670,103.65
2026-09-29T15:10:52.593451+00:00,E4,measured,77,7659,113.58
2026-09-29T15:10:53.653258+00:00,E4,measured,75,7652,113.71
2026-09-29T15:10:54.717715+00:00,E4,measured,73,7670,98.58
2026-09-29T15:10:55.761893+00:00,E4,measured,71,7670,110.41
2026-09-29T15:10:56.823614+00:00,E4,measured,72,7662,111.70
2026-09-29T15:10:57.877507+00:00,E4,measured,72,7671,113.78
2026-09-29T15:10:58.926765+00:00,E4,measured,77,7670,102.58
2026-09-29T15:10:59.987376+00:00,E4,measured,72,7661,112.14
2026-09-29T15:11:01.037182+00:00,E4,measured,73,7656,114.32
2026-09-29T15:11:02.211402+00:00,E4,measured,34,2465,105.34
2026-09-29T15:11:03.253021+00:00,E4,measured,3,2586,37.20
2026-09-29T15:11:04.294966+00:00,E4,measured,1,2553,31.78
2026-09-29T15:11:05.355403+00:00,E4,measured,34,7076,31.13
2026-09-29T15:11:06.404081+00:00,E4,measured,19,7656,36.49
2026-09-29T15:11:07.452801+00:00,E4,measured,46,7668,33.35
2026-09-29T15:11:08.495118+00:00,E4,measured,100,7657,66.48
2026-09-29T15:11:09.549975+00:00,E4,measured,80,7652,79.43
2026-09-29T15:11:10.610095+00:00,E4,measured,78,7670,108.81
2026-09-29T15:11:11.660721+00:00,E4,measured,77,7670,107.97
2026-09-29T15:11:12.711420+00:00,E4,measured,72,7659,113.93
2026-09-29T15:11:13.770190+00:00,E4,measured,74,7671,110.39
2026-09-29T15:11:14.820931+00:00,E4,measured,75,7670,109.32
2026-09-29T15:11:15.861685+00:00,E4,measured,74,7662,112.71
2026-09-29T15:11:16.919450+00:00,E4,measured,71,7652,111.00
2026-09-29T15:11:17.961320+00:00,E4,measured,75,7670,114.10
2026-09-29T15:11:19.021853+00:00,E4,measured,79,7670,105.52
2026-09-29T15:11:20.090405+00:00,E4,measured,71,7659,114.52
2026-09-29T15:11:21.155144+00:00,E4,measured,72,7652,110.06
2026-09-29T15:11:22.198032+00:00,E4,measured,78,7670,108.65
2026-09-29T15:11:23.262418+00:00,E4,measured,76,7670,109.97
2026-09-29T15:11:24.338921+00:00,E4,measured,73,7652,108.57
2026-09-29T15:11:25.387095+00:00,E4,measured,75,7652,112.34
2026-09-29T15:11:26.436975+00:00,E4,measured,77,7670,110.23
2026-09-29T15:11:27.522496+00:00,E4,measured,75,7670,108.12
2026-09-29T15:11:28.615299+00:00,E4,measured,75,2454,111.00
2026-09-29T15:11:29.663988+00:00,E4,measured,4,2569,60.87
2026-09-29T15:11:30.715097+00:00,E4,measured,1,2564,30.96
2026-09-29T15:11:31.754637+00:00,E4,measured,28,7094,31.65
2026-09-29T15:11:32.812146+00:00,E4,measured,12,7642,34.30
2026-09-29T15:11:33.878159+00:00,E4,measured,100,7669,41.55
2026-09-29T15:11:34.927400+00:00,E4,measured,100,7668,66.79
2026-09-29T15:11:35.966830+00:00,E4,measured,99,7659,64.43
2026-09-29T15:11:37.033630+00:00,E4,measured,75,7656,102.97
2026-09-29T15:11:38.080077+00:00,E4,measured,75,7670,116.46
2026-09-29T15:11:39.142715+00:00,E4,measured,76,7670,103.59
2026-09-29T15:11:40.190570+00:00,E4,measured,76,7671,110.86
2026-09-29T15:11:41.231373+00:00,E4,measured,78,7671,109.91
2026-09-29T15:11:42.292770+00:00,E4,measured,77,7671,114.34
2026-09-29T15:11:43.362458+00:00,E4,measured,73,7652,110.18
2026-09-29T15:11:44.418321+00:00,E4,measured,72,7670,109.63
2026-09-29T15:11:45.466147+00:00,E4,measured,80,7670,106.24
2026-09-29T15:11:46.542745+00:00,E4,measured,70,7656,111.62
2026-09-29T15:11:47.592495+00:00,E4,measured,75,7652,109.99
2026-09-29T15:11:48.641954+00:00,E4,measured,73,7670,114.18
2026-09-29T15:11:49.700610+00:00,E4,measured,76,7670,107.61
2026-09-29T15:11:50.762581+00:00,E4,measured,71,7664,107.03
2026-09-29T15:11:51.820782+00:00,E4,measured,74,7652,114.64
2026-09-29T15:11:52.860767+00:00,E4,measured,5,2476,85.44
2026-09-29T15:11:53.912401+00:00,E4,measured,1,2564,33.31
2026-09-29T15:11:54.960355+00:00,E4,measured,1,4734,30.09
2026-09-29T15:11:56.020709+00:00,E4,measured,36,7076,33.27
2026-09-29T15:11:57.074577+00:00,E4,measured,16,7658,35.70
2026-09-29T15:11:58.141587+00:00,E4,measured,100,7668,50.44
2026-09-29T15:11:59.190168+00:00,E4,measured,100,7668,67.64
2026-09-29T15:12:00.236239+00:00,E4,measured,71,7652,89.23
2026-09-29T15:12:01.303219+00:00,E4,measured,75,7671,103.57
2026-09-29T15:12:02.362398+00:00,E4,measured,75,7670,110.40
2026-09-29T15:12:03.445065+00:00,E4,measured,76,7656,114.89
2026-09-29T15:12:04.495563+00:00,E4,measured,73,7670,112.85
2026-09-29T15:12:05.567167+00:00,E4,measured,76,7670,104.10
2026-09-29T15:12:06.622789+00:00,E4,measured,71,7664,109.06
2026-09-29T15:12:07.664634+00:00,E4,measured,69,7652,113.37
2026-09-29T15:12:08.745183+00:00,E4,measured,76,7670,108.82
2026-09-29T15:12:09.801165+00:00,E4,measured,77,7670,106.05
2026-09-29T15:12:10.852939+00:00,E4,measured,77,7659,113.90
2026-09-29T15:12:11.899291+00:00,E4,measured,76,7652,111.73
2026-09-29T15:12:12.966420+00:00,E4,measured,74,7670,105.59
2026-09-29T15:12:14.029011+00:00,E4,measured,74,7670,108.66
2026-09-29T15:12:15.081973+00:00,E4,measured,75,7670,113.59
2026-09-29T15:12:16.157320+00:00,E4,measured,76,7652,112.15
2026-09-29T15:12:17.209667+00:00,E4,measured,79,7670,98.50
2026-09-29T15:12:18.256635+00:00,E4,measured,70,7670,113.54
2026-09-29T15:12:19.322125+00:00,E4,measured,72,7662,113.07
2026-09-29T15:12:20.369763+00:00,E4,measured,71,7671,110.47
2026-09-29T15:12:21.430519+00:00,E4,measured,76,7670,104.19
2026-09-29T15:12:22.490321+00:00,E4,measured,72,7670,113.55
